{"type":"Topology","objects":{"data":{"geometries":[{"properties":{"LSOA11CD":"E01022100","LSOA11NM":"Cheltenham 008A"},"type":"Polygon","arcs":[[-63,-4,-5,-24,-3,-1,-67]],"id":"feature_000"},{"properties":{"LSOA11CD":"E01022101","LSOA11NM":"Cheltenham 008B"},"type":"Polygon","arcs":[[0,-2,-92,-68]],"id":"feature_001"},{"properties":{"LSOA11CD":"E01022102","LSOA11NM":"Cheltenham 008C"},"type":"Polygon","arcs":[[1,2,-28,-30,-32,-48,-126,-93]],"id":"feature_002"},{"properties":{"LSOA11CD":"E01022103","LSOA11NM":"Cheltenham 012A"},"type":"Polygon","arcs":[[-8,-6,3,-62,-60,-919]],"id":"feature_003"},{"properties":{"LSOA11CD":"E01022104","LSOA11NM":"Cheltenham 012B"},"type":"Polygon","arcs":[[-7,-14,-25,4,5]],"id":"feature_004"},{"properties":{"LSOA11CD":"E01022105","LSOA11NM":"Cheltenham 012C"},"type":"Polygon","arcs":[[-216,-11,-19,-15,6,7,-918,-302]],"id":"feature_005"},{"properties":{"LSOA11CD":"E01022106","LSOA11NM":"Cheltenham 010A"},"type":"Polygon","arcs":[[-111,-116,-71,-179,-9,-110]],"id":"feature_006"},{"properties":{"LSOA11CD":"E01022107","LSOA11NM":"Cheltenham 010B"},"type":"Polygon","arcs":[[8,-178,-176,-10,-43,-107]],"id":"feature_007"},{"properties":{"LSOA11CD":"E01022108","LSOA11NM":"Cheltenham 010C"},"type":"Polygon","arcs":[[-175,-881,-44,9]],"id":"feature_008"},{"properties":{"LSOA11CD":"E01022109","LSOA11NM":"Cheltenham 012D"},"type":"Polygon","arcs":[[10,-215,-217,-21,-12,-16]],"id":"feature_009"},{"properties":{"LSOA11CD":"E01022110","LSOA11NM":"Cheltenham 012E"},"type":"Polygon","arcs":[[-20,-13,-17,11,-23]],"id":"feature_010"},{"properties":{"LSOA11CD":"E01022111","LSOA11NM":"Cheltenham 012F"},"type":"Polygon","arcs":[[12,-26,13,14,-18]],"id":"feature_011"},{"properties":{"LSOA11CD":"E01022112","LSOA11NM":"Cheltenham 012G"},"type":"Polygon","arcs":[[15,16,17,18]],"id":"feature_012"},{"properties":{"LSOA11CD":"E01022113","LSOA11NM":"Cheltenham 014A"},"type":"Polygon","arcs":[[19,-22,-53,-34,-27]],"id":"feature_013"},{"properties":{"LSOA11CD":"E01022114","LSOA11NM":"Cheltenham 014B"},"type":"Polygon","arcs":[[20,-220,-1015,-54,21,22]],"id":"feature_014"},{"properties":{"LSOA11CD":"E01022115","LSOA11NM":"Cheltenham 014C"},"type":"Polygon","arcs":[[23,24,25,26,-33,-29,27]],"id":"feature_015"},{"properties":{"LSOA11CD":"E01022116","LSOA11NM":"Cheltenham 009A"},"type":"Polygon","arcs":[[28,-35,-37,-31,29]],"id":"feature_016"},{"properties":{"LSOA11CD":"E01022117","LSOA11NM":"Cheltenham 009B"},"type":"Polygon","arcs":[[30,-76,-47,-49,31]],"id":"feature_017"},{"properties":{"LSOA11CD":"E01022118","LSOA11NM":"Cheltenham 014D"},"type":"Polygon","arcs":[[32,33,-52,-56,-36,34]],"id":"feature_018"},{"properties":{"LSOA11CD":"E01022119","LSOA11NM":"Cheltenham 009C"},"type":"Polygon","arcs":[[35,-59,-80,-77,36]],"id":"feature_019"},{"properties":{"LSOA11CD":"E01022120","LSOA11NM":"Cheltenham 005A"},"type":"Polygon","arcs":[[-154,-152,-150,-139,-38,-39]],"id":"feature_020"},{"properties":{"LSOA11CD":"E01022121","LSOA11NM":"Cheltenham 005B"},"type":"Polygon","arcs":[[-138,-115,-109,-42,-40,37]],"id":"feature_021"},{"properties":{"LSOA11CD":"E01022122","LSOA11NM":"Cheltenham 003A"},"type":"Polygon","arcs":[[38,39,-41,-155]],"id":"feature_022"},{"properties":{"LSOA11CD":"E01022123","LSOA11NM":"Cheltenham 010D"},"type":"Polygon","arcs":[[40,41,-108,42,43,-880,-156]],"id":"feature_023"},{"properties":{"LSOA11CD":"E01022124","LSOA11NM":"Cheltenham 009D"},"type":"Polygon","arcs":[[-46,-74,-45,-133,-146,-51]],"id":"feature_024"},{"properties":{"LSOA11CD":"E01022125","LSOA11NM":"Cheltenham 009E"},"type":"Polygon","arcs":[[-73,-70,-134,44]],"id":"feature_025"},{"properties":{"LSOA11CD":"E01022126","LSOA11NM":"Cheltenham 009F"},"type":"Polygon","arcs":[[-75,45,-50,46,-79]],"id":"feature_026"},{"properties":{"LSOA11CD":"E01022127","LSOA11NM":"Cheltenham 009G"},"type":"Polygon","arcs":[[47,48,49,50,-145,-127]],"id":"feature_027"},{"properties":{"LSOA11CD":"E01022128","LSOA11NM":"Cheltenham 015A"},"type":"Polygon","arcs":[[-55,-1013,-186,-58]],"id":"feature_028"},{"properties":{"LSOA11CD":"E01022129","LSOA11NM":"Cheltenham 015B"},"type":"Polygon","arcs":[[51,52,53,-1014,54,-57]],"id":"feature_029"},{"properties":{"LSOA11CD":"E01022130","LSOA11NM":"Cheltenham 015C"},"type":"Polygon","arcs":[[55,56,57,-81,58]],"id":"feature_030"},{"properties":{"LSOA11CD":"E01022131","LSOA11NM":"Cheltenham 006A"},"type":"Polygon","arcs":[[-61,-64,-69,-85,-98,-102]],"id":"feature_031"},{"properties":{"LSOA11CD":"E01022132","LSOA11NM":"Cheltenham 006B"},"type":"Polygon","arcs":[[-920,59,-65,60,-101,-106]],"id":"feature_032"},{"properties":{"LSOA11CD":"E01022133","LSOA11NM":"Cheltenham 006C"},"type":"Polygon","arcs":[[61,62,-66,63,64]],"id":"feature_033"},{"properties":{"LSOA11CD":"E01022134","LSOA11NM":"Cheltenham 006D"},"type":"Polygon","arcs":[[65,66,67,-91,-88,-86,68]],"id":"feature_034"},{"properties":{"LSOA11CD":"E01022135","LSOA11NM":"Cheltenham 011A"},"type":"Polygon","arcs":[[69,-72,-82,-197,-191,-180,70,-135]],"id":"feature_035"},{"properties":{"LSOA11CD":"E01022136","LSOA11NM":"Cheltenham 011B"},"type":"Polygon","arcs":[[71,72,73,74,-78,-83]],"id":"feature_036"},{"properties":{"LSOA11CD":"E01022137","LSOA11NM":"Cheltenham 011C"},"type":"Polygon","arcs":[[75,76,-84,77,78]],"id":"feature_037"},{"properties":{"LSOA11CD":"E01022138","LSOA11NM":"Cheltenham 011D"},"type":"Polygon","arcs":[[79,80,-188,-192,81,82,83]],"id":"feature_038"},{"properties":{"LSOA11CD":"E01022139","LSOA11NM":"Cheltenham 004A"},"type":"Polygon","arcs":[[-87,-89,-122,-119,-159,-172,-96]],"id":"feature_039"},{"properties":{"LSOA11CD":"E01022140","LSOA11NM":"Cheltenham 008D"},"type":"Polygon","arcs":[[-99,84,85,-90,86,-95]],"id":"feature_040"},{"properties":{"LSOA11CD":"E01022141","LSOA11NM":"Cheltenham 008E"},"type":"Polygon","arcs":[[87,-94,-124,-128,-120,88,89]],"id":"feature_041"},{"properties":{"LSOA11CD":"E01022142","LSOA11NM":"Cheltenham 008F"},"type":"Polygon","arcs":[[90,91,92,-125,93]],"id":"feature_042"},{"properties":{"LSOA11CD":"E01022143","LSOA11NM":"Cheltenham 002A"},"type":"Polygon","arcs":[[-105,-97,94,95,-171,-922]],"id":"feature_043"},{"properties":{"LSOA11CD":"E01022144","LSOA11NM":"Cheltenham 002B"},"type":"Polygon","arcs":[[96,-104,-100,97,98]],"id":"feature_044"},{"properties":{"LSOA11CD":"E01022145","LSOA11NM":"Cheltenham 002C"},"type":"Polygon","arcs":[[99,-103,100,101]],"id":"feature_045"},{"properties":{"LSOA11CD":"E01022146","LSOA11NM":"Cheltenham 002D"},"type":"Polygon","arcs":[[102,103,104,-921,105]],"id":"feature_046"},{"properties":{"LSOA11CD":"E01022147","LSOA11NM":"Cheltenham 005C"},"type":"Polygon","arcs":[[106,107,108,-114,-112,109]],"id":"feature_047"},{"properties":{"LSOA11CD":"E01022148","LSOA11NM":"Cheltenham 007A"},"type":"Polygon","arcs":[[110,111,-113,-117]],"id":"feature_048"},{"properties":{"LSOA11CD":"E01022149","LSOA11NM":"Cheltenham 007B"},"type":"Polygon","arcs":[[-132,-118,112,113,114,-141]],"id":"feature_049"},{"properties":{"LSOA11CD":"E01022150","LSOA11NM":"Cheltenham 007C"},"type":"Polygon","arcs":[[-136,115,116,117,-131]],"id":"feature_050"},{"properties":{"LSOA11CD":"E01022151","LSOA11NM":"Cheltenham 004B"},"type":"Polygon","arcs":[[-121,-142,-161,-160,118]],"id":"feature_051"},{"properties":{"LSOA11CD":"E01022152","LSOA11NM":"Cheltenham 004C"},"type":"Polygon","arcs":[[119,-130,-123,-143,120,121]],"id":"feature_052"},{"properties":{"LSOA11CD":"E01022153","LSOA11NM":"Cheltenham 004D"},"type":"Polygon","arcs":[[-144,122,-129,123,124,125,126]],"id":"feature_053"},{"properties":{"LSOA11CD":"E01022154","LSOA11NM":"Cheltenham 004E"},"type":"Polygon","arcs":[[127,128,129]],"id":"feature_054"},{"properties":{"LSOA11CD":"E01022155","LSOA11NM":"Cheltenham 007D"},"type":"Polygon","arcs":[[-148,-137,130,131,-140,-163]],"id":"feature_055"},{"properties":{"LSOA11CD":"E01022156","LSOA11NM":"Cheltenham 007E"},"type":"Polygon","arcs":[[132,133,134,135,136,-147]],"id":"feature_056"},{"properties":{"LSOA11CD":"E01022157","LSOA11NM":"Cheltenham 005D"},"type":"Polygon","arcs":[[137,138,-149,-168,-164,139,140]],"id":"feature_057"},{"properties":{"LSOA11CD":"E01022158","LSOA11NM":"Cheltenham 007F"},"type":"Polygon","arcs":[[141,142,143,144,145,146,147,-162]],"id":"feature_058"},{"properties":{"LSOA11CD":"E01022159","LSOA11NM":"Cheltenham 005E"},"type":"Polygon","arcs":[[-169,148,149,-151]],"id":"feature_059"},{"properties":{"LSOA11CD":"E01022160","LSOA11NM":"Cheltenham 003B"},"type":"Polygon","arcs":[[-170,150,151,-158,-153,-941]],"id":"feature_060"},{"properties":{"LSOA11CD":"E01022161","LSOA11NM":"Cheltenham 003C"},"type":"Polygon","arcs":[[152,-157,-878,-942]],"id":"feature_061"},{"properties":{"LSOA11CD":"E01022162","LSOA11NM":"Cheltenham 003D"},"type":"Polygon","arcs":[[153,154,155,-879,156,157]],"id":"feature_062"},{"properties":{"LSOA11CD":"E01022163","LSOA11NM":"Cheltenham 001A"},"type":"Polygon","arcs":[[158,159,-165,-166,-173]],"id":"feature_063"},{"properties":{"LSOA11CD":"E01022164","LSOA11NM":"Cheltenham 001B"},"type":"Polygon","arcs":[[160,161,162,163,-167,164]],"id":"feature_064"},{"properties":{"LSOA11CD":"E01022165","LSOA11NM":"Cheltenham 001C"},"type":"Polygon","arcs":[[-174,165,166,167,168,169,-940,-915]],"id":"feature_065"},{"properties":{"LSOA11CD":"E01022166","LSOA11NM":"Cheltenham 001D"},"type":"Polygon","arcs":[[-923,170,171,172,173,-914]],"id":"feature_066"},{"properties":{"LSOA11CD":"E01022167","LSOA11NM":"Cheltenham 013A"},"type":"Polygon","arcs":[[-181,-183,-1018,-882,174,175,-177]],"id":"feature_067"},{"properties":{"LSOA11CD":"E01022168","LSOA11NM":"Cheltenham 013B"},"type":"Polygon","arcs":[[-190,-182,176,177,178,179]],"id":"feature_068"},{"properties":{"LSOA11CD":"E01022169","LSOA11NM":"Cheltenham 013C"},"type":"Polygon","arcs":[[-184,180,181,-189,-195,-185,-1010]],"id":"feature_069"},{"properties":{"LSOA11CD":"E01022170","LSOA11NM":"Cheltenham 013D"},"type":"Polygon","arcs":[[-1009,182,183]],"id":"feature_070"},{"properties":{"LSOA11CD":"E01022171","LSOA11NM":"Cheltenham 013E"},"type":"Polygon","arcs":[[-187,-1011,184,-194]],"id":"feature_071"},{"properties":{"LSOA11CD":"E01022172","LSOA11NM":"Cheltenham 013F"},"type":"Polygon","arcs":[[185,-1012,186,-193,187]],"id":"feature_072"},{"properties":{"LSOA11CD":"E01022173","LSOA11NM":"Cheltenham 013G"},"type":"Polygon","arcs":[[-196,188,189,190]],"id":"feature_073"},{"properties":{"LSOA11CD":"E01022174","LSOA11NM":"Cheltenham 011E"},"type":"Polygon","arcs":[[191,192,193,194,195,196]],"id":"feature_074"},{"properties":{"LSOA11CD":"E01022175","LSOA11NM":"Cotswold 005A"},"type":"Polygon","arcs":[[-294,-253,-267,-341,-219,-214,-285]],"id":"feature_075"},{"properties":{"LSOA11CD":"E01022176","LSOA11NM":"Cotswold 011A"},"type":"Polygon","arcs":[[197,-263,-311,-307,-262,-744,-749,-737,-318]],"id":"feature_076"},{"properties":{"LSOA11CD":"E01022177","LSOA11NM":"Cotswold 002A"},"type":"Polygon","arcs":[[-320,-259,-199]],"id":"feature_077"},{"properties":{"LSOA11CD":"E01022178","LSOA11NM":"Cotswold 002B"},"type":"Polygon","arcs":[[-290,-321,198,-258,-281,199]],"id":"feature_078"},{"properties":{"LSOA11CD":"E01022179","LSOA11NM":"Cotswold 001A"},"type":"Polygon","arcs":[[200,-260,-992,-203,-207]],"id":"feature_079"},{"properties":{"LSOA11CD":"E01022180","LSOA11NM":"Cotswold 003A"},"type":"Polygon","arcs":[[-289,-202,-323]],"id":"feature_080"},{"properties":{"LSOA11CD":"E01022181","LSOA11NM":"Cotswold 003B"},"type":"Polygon","arcs":[[201,-288,-296,-298,-324]],"id":"feature_081"},{"properties":{"LSOA11CD":"E01022182","LSOA11NM":"Cotswold 001B"},"type":"Polygon","arcs":[[-210,-205,-208,202,-991,203]],"id":"feature_082"},{"properties":{"LSOA11CD":"E01022183","LSOA11NM":"Cotswold 001C"},"type":"Polygon","arcs":[[204,-209]],"id":"feature_083"},{"properties":{"LSOA11CD":"E01022184","LSOA11NM":"Cotswold 001D"},"type":"Polygon","arcs":[[-212,205,206,207,208,209,210]],"id":"feature_084"},{"properties":{"LSOA11CD":"E01022185","LSOA11NM":"Cotswold 001E"},"type":"Polygon","arcs":[[211,212]],"id":"feature_085"},{"properties":{"LSOA11CD":"E01022186","LSOA11NM":"Cotswold 004A"},"type":"Polygon","arcs":[[-286,213,-218,214,215,-301]],"id":"feature_086"},{"properties":{"LSOA11CD":"E01022187","LSOA11NM":"Cotswold 004B"},"type":"Polygon","arcs":[[216,217,218,-340,-233,-235,-252,-883,-1016,219]],"id":"feature_087"},{"properties":{"LSOA11CD":"E01022188","LSOA11NM":"Cotswold 006A"},"type":"Polygon","arcs":[[-221,-222,-243,-230,-338]],"id":"feature_088"},{"properties":{"LSOA11CD":"E01022189","LSOA11NM":"Cotswold 006B"},"type":"Polygon","arcs":[[-337,-223,220]],"id":"feature_089"},{"properties":{"LSOA11CD":"E01022190","LSOA11NM":"Cotswold 006C"},"type":"Polygon","arcs":[[-336,-241,-244,221,222]],"id":"feature_090"},{"properties":{"LSOA11CD":"E01022191","LSOA11NM":"Cotswold 008A"},"type":"Polygon","arcs":[[-238,-225,-228,-224]],"id":"feature_091"},{"properties":{"LSOA11CD":"E01022192","LSOA11NM":"Cotswold 008B"},"type":"Polygon","arcs":[[-239,223,-227]],"id":"feature_092"},{"properties":{"LSOA11CD":"E01022193","LSOA11NM":"Cotswold 008C"},"type":"Polygon","arcs":[[-237,-331,-316,-229,224]],"id":"feature_093"},{"properties":{"LSOA11CD":"E01022194","LSOA11NM":"Cotswold 007A"},"type":"Polygon","arcs":[[-242,-246,-226,-231]],"id":"feature_094"},{"properties":{"LSOA11CD":"E01022195","LSOA11NM":"Cotswold 007B"},"type":"Polygon","arcs":[[-234,-232,225,-249,-240,226,227,228,-315,-251]],"id":"feature_095"},{"properties":{"LSOA11CD":"E01022196","LSOA11NM":"Cotswold 006D"},"type":"Polygon","arcs":[[-339,229,230,231,-236,232]],"id":"feature_096"},{"properties":{"LSOA11CD":"E01022197","LSOA11NM":"Cotswold 006E"},"type":"Polygon","arcs":[[233,-250,234,235]],"id":"feature_097"},{"properties":{"LSOA11CD":"E01022198","LSOA11NM":"Cotswold 008D"},"type":"Polygon","arcs":[[-335,236,237,238,239,-248,-245,240]],"id":"feature_098"},{"properties":{"LSOA11CD":"E01022199","LSOA11NM":"Cotswold 007C"},"type":"Polygon","arcs":[[-247,241,242,243,244]],"id":"feature_099"},{"properties":{"LSOA11CD":"E01022200","LSOA11NM":"Cotswold 007D"},"type":"Polygon","arcs":[[245,246,247,248]],"id":"feature_100"},{"properties":{"LSOA11CD":"E01022201","LSOA11NM":"Cotswold 004C"},"type":"Polygon","arcs":[[249,250,-314,-672,-766,-884,251]],"id":"feature_101"},{"properties":{"LSOA11CD":"E01022202","LSOA11NM":"Cotswold 009A"},"type":"Polygon","arcs":[[-270,-276,-257,-255,-268,252,-293]],"id":"feature_102"},{"properties":{"LSOA11CD":"E01022203","LSOA11NM":"Cotswold 009B"},"type":"Polygon","arcs":[[-256,-274,253,-265,254]],"id":"feature_103"},{"properties":{"LSOA11CD":"E01022204","LSOA11NM":"Cotswold 009C"},"type":"Polygon","arcs":[[255,256,-275]],"id":"feature_104"},{"properties":{"LSOA11CD":"E01022205","LSOA11NM":"Cotswold 002C"},"type":"Polygon","arcs":[[-284,-279,-282,257,258,-319,-993,259,260]],"id":"feature_105"},{"properties":{"LSOA11CD":"E01022206","LSOA11NM":"Cotswold 011B"},"type":"Polygon","arcs":[[261,-309,-304,-306,-303,-312,262,263,-733,-868,-702,-745]],"id":"feature_106"},{"properties":{"LSOA11CD":"E01022207","LSOA11NM":"Cotswold 005B"},"type":"Polygon","arcs":[[264,265,-326,-332,266,267]],"id":"feature_107"},{"properties":{"LSOA11CD":"E01022208","LSOA11NM":"Cotswold 009D"},"type":"Polygon","arcs":[[-277,268,-272,269,-292,270]],"id":"feature_108"},{"properties":{"LSOA11CD":"E01022209","LSOA11NM":"Cotswold 009E"},"type":"Polygon","arcs":[[271,272,273,274,275]],"id":"feature_109"},{"properties":{"LSOA11CD":"E01022210","LSOA11NM":"Cotswold 009F"},"type":"Polygon","arcs":[[276,277]],"id":"feature_110"},{"properties":{"LSOA11CD":"E01022211","LSOA11NM":"Cotswold 002D"},"type":"Polygon","arcs":[[278,-283]],"id":"feature_111"},{"properties":{"LSOA11CD":"E01022212","LSOA11NM":"Cotswold 002E"},"type":"Polygon","arcs":[[279,280,281,282,283]],"id":"feature_112"},{"properties":{"LSOA11CD":"E01022213","LSOA11NM":"Cotswold 005C"},"type":"Polygon","arcs":[[-295,284,285,-300]],"id":"feature_113"},{"properties":{"LSOA11CD":"E01022214","LSOA11NM":"Cotswold 003C"},"type":"Polygon","arcs":[[286,-297,287,288,-322,289]],"id":"feature_114"},{"properties":{"LSOA11CD":"E01022215","LSOA11NM":"Cotswold 005D"},"type":"Polygon","arcs":[[290,291,292,293,294,-299,295,296]],"id":"feature_115"},{"properties":{"LSOA11CD":"E01022216","LSOA11NM":"Cotswold 004D"},"type":"Polygon","arcs":[[-1044,-325,297,298,299,300,301,-917]],"id":"feature_116"},{"properties":{"LSOA11CD":"E01022217","LSOA11NM":"Cotswold 011C"},"type":"Polygon","arcs":[[-308,-313,302,-305,303]],"id":"feature_117"},{"properties":{"LSOA11CD":"E01022218","LSOA11NM":"Cotswold 011D"},"type":"Polygon","arcs":[[304,305]],"id":"feature_118"},{"properties":{"LSOA11CD":"E01022219","LSOA11NM":"Cotswold 011E"},"type":"Polygon","arcs":[[306,-310,307,308]],"id":"feature_119"},{"properties":{"LSOA11CD":"E01022220","LSOA11NM":"Cotswold 011F"},"type":"Polygon","arcs":[[309,310,311,312]],"id":"feature_120"},{"properties":{"LSOA11CD":"E01022221","LSOA11NM":"Cotswold 010A"},"type":"Polygon","arcs":[[313,314,315,-330,316,317,-743,-693,-673]],"id":"feature_121"},{"properties":{"LSOA11CD":"E01022222","LSOA11NM":"Cotswold 003D"},"type":"Polygon","arcs":[[318,319,320,321,322,323,324,-1043,-1052,-994]],"id":"feature_122"},{"properties":{"LSOA11CD":"E01022223","LSOA11NM":"Cotswold 010B"},"type":"Polygon","arcs":[[-328,-333,325,326]],"id":"feature_123"},{"properties":{"LSOA11CD":"E01022224","LSOA11NM":"Cotswold 010C"},"type":"Polygon","arcs":[[327,328,329,330,-334]],"id":"feature_124"},{"properties":{"LSOA11CD":"E01022225","LSOA11NM":"Cotswold 008E"},"type":"Polygon","arcs":[[331,332,333,334,335,336,337,338,339,340]],"id":"feature_125"},{"properties":{"LSOA11CD":"E01022226","LSOA11NM":"Forest of Dean 009A"},"type":"Polygon","arcs":[[-343,-406,-400,-402,341]],"id":"feature_126"},{"properties":{"LSOA11CD":"E01022227","LSOA11NM":"Forest of Dean 009B"},"type":"Polygon","arcs":[[-412,-407,342,343,-377,-427,-349,-347,-451]],"id":"feature_127"},{"properties":{"LSOA11CD":"E01022228","LSOA11NM":"Forest of Dean 005A"},"type":"Polygon","arcs":[[344,-404,-409,-453,-380,-437]],"id":"feature_128"},{"properties":{"LSOA11CD":"E01022229","LSOA11NM":"Forest of Dean 007A"},"type":"Polygon","arcs":[[-369,-362,-363,-351]],"id":"feature_129"},{"properties":{"LSOA11CD":"E01022230","LSOA11NM":"Forest of Dean 005B"},"type":"Polygon","arcs":[[-353,-442,-439,-385,-416,-413,-414,345,-473]],"id":"feature_130"},{"properties":{"LSOA11CD":"E01022231","LSOA11NM":"Forest of Dean 008A"},"type":"Polygon","arcs":[[-452,346,-348,-456]],"id":"feature_131"},{"properties":{"LSOA11CD":"E01022232","LSOA11NM":"Forest of Dean 008B"},"type":"Polygon","arcs":[[347,348,-426,-431,-457]],"id":"feature_132"},{"properties":{"LSOA11CD":"E01022233","LSOA11NM":"Forest of Dean 001A"},"type":"Polygon","arcs":[[-467,-449,349]],"id":"feature_133"},{"properties":{"LSOA11CD":"E01022234","LSOA11NM":"Forest of Dean 006A"},"type":"Polygon","arcs":[[-355,-462,-370,350,-365,-430,351,-398]],"id":"feature_134"},{"properties":{"LSOA11CD":"E01022235","LSOA11NM":"Forest of Dean 001B"},"type":"Polygon","arcs":[[-956,-443,352,-472]],"id":"feature_135"},{"properties":{"LSOA11CD":"E01022236","LSOA11NM":"Forest of Dean 004A"},"type":"Polygon","arcs":[[-356,-359,-354,-387]],"id":"feature_136"},{"properties":{"LSOA11CD":"E01022237","LSOA11NM":"Forest of Dean 004B"},"type":"Polygon","arcs":[[-388,353,-358,-383]],"id":"feature_137"},{"properties":{"LSOA11CD":"E01022238","LSOA11NM":"Forest of Dean 004C"},"type":"Polygon","arcs":[[-357,-381,-463,354,-397,-392,-361]],"id":"feature_138"},{"properties":{"LSOA11CD":"E01022239","LSOA11NM":"Forest of Dean 004D"},"type":"Polygon","arcs":[[355,-386,-382,356,-360]],"id":"feature_139"},{"properties":{"LSOA11CD":"E01022240","LSOA11NM":"Forest of Dean 004E"},"type":"Polygon","arcs":[[-384,357,358,359,360,-391,-420,-418]],"id":"feature_140"},{"properties":{"LSOA11CD":"E01022241","LSOA11NM":"Forest of Dean 007B"},"type":"Polygon","arcs":[[-368,-366,-373,-364,361]],"id":"feature_141"},{"properties":{"LSOA11CD":"E01022242","LSOA11NM":"Forest of Dean 007C"},"type":"Polygon","arcs":[[362,363,-372,-433,-425,364]],"id":"feature_142"},{"properties":{"LSOA11CD":"E01022243","LSOA11NM":"Forest of Dean 007D"},"type":"Polygon","arcs":[[-375,-371,365,-367,-460]],"id":"feature_143"},{"properties":{"LSOA11CD":"E01022244","LSOA11NM":"Forest of Dean 007E"},"type":"Polygon","arcs":[[-461,366,367,368,369]],"id":"feature_144"},{"properties":{"LSOA11CD":"E01022245","LSOA11NM":"Forest of Dean 007F"},"type":"Polygon","arcs":[[370,-374,-434,371,372]],"id":"feature_145"},{"properties":{"LSOA11CD":"E01022246","LSOA11NM":"Forest of Dean 007G"},"type":"Polygon","arcs":[[-435,373,374,-459]],"id":"feature_146"},{"properties":{"LSOA11CD":"E01022247","LSOA11NM":"Forest of Dean 001C"},"type":"Polygon","arcs":[[-963,-950,-958,-471,-444,-465,375]],"id":"feature_147"},{"properties":{"LSOA11CD":"E01022248","LSOA11NM":"Forest of Dean 010A"},"type":"Polygon","arcs":[[376,377,-482,378,-428]],"id":"feature_148"},{"properties":{"LSOA11CD":"E01022249","LSOA11NM":"Forest of Dean 004F"},"type":"Polygon","arcs":[[-438,379,-464,380,381,-389,382,383,-417,384]],"id":"feature_149"},{"properties":{"LSOA11CD":"E01022250","LSOA11NM":"Forest of Dean 004G"},"type":"Polygon","arcs":[[385,386,387,388]],"id":"feature_150"},{"properties":{"LSOA11CD":"E01022251","LSOA11NM":"Forest of Dean 003A"},"type":"Polygon","arcs":[[-393,-395,389]],"id":"feature_151"},{"properties":{"LSOA11CD":"E01022252","LSOA11NM":"Forest of Dean 003B"},"type":"Polygon","arcs":[[390,391,-396,392,393,-421]],"id":"feature_152"},{"properties":{"LSOA11CD":"E01022253","LSOA11NM":"Forest of Dean 006B"},"type":"Polygon","arcs":[[394,395,396,397,398]],"id":"feature_153"},{"properties":{"LSOA11CD":"E01022254","LSOA11NM":"Forest of Dean 009C"},"type":"Polygon","arcs":[[399,-405,-403]],"id":"feature_154"},{"properties":{"LSOA11CD":"E01022255","LSOA11NM":"Forest of Dean 009D"},"type":"Polygon","arcs":[[400,401,402,-408,-410,403]],"id":"feature_155"},{"properties":{"LSOA11CD":"E01022256","LSOA11NM":"Forest of Dean 009E"},"type":"Polygon","arcs":[[404,405,406,-411,407]],"id":"feature_156"},{"properties":{"LSOA11CD":"E01022257","LSOA11NM":"Forest of Dean 009F"},"type":"Polygon","arcs":[[408,409,410,411,-450,-454]],"id":"feature_157"},{"properties":{"LSOA11CD":"E01022258","LSOA11NM":"Forest of Dean 003C"},"type":"Polygon","arcs":[[-415,412]],"id":"feature_158"},{"properties":{"LSOA11CD":"E01022259","LSOA11NM":"Forest of Dean 003D"},"type":"Polygon","arcs":[[413,414,415,416,417,-423,418]],"id":"feature_159"},{"properties":{"LSOA11CD":"E01022260","LSOA11NM":"Forest of Dean 003E"},"type":"Polygon","arcs":[[419,420,421,422]],"id":"feature_160"},{"properties":{"LSOA11CD":"E01022261","LSOA11NM":"Forest of Dean 002A"},"type":"Polygon","arcs":[[-445,-469,-447,-424]],"id":"feature_161"},{"properties":{"LSOA11CD":"E01022262","LSOA11NM":"Forest of Dean 002B"},"type":"Polygon","arcs":[[423,-446]],"id":"feature_162"},{"properties":{"LSOA11CD":"E01022263","LSOA11NM":"Forest of Dean 006C"},"type":"Polygon","arcs":[[424,-432,425,426,427,428,429]],"id":"feature_163"},{"properties":{"LSOA11CD":"E01022264","LSOA11NM":"Forest of Dean 008C"},"type":"Polygon","arcs":[[-458,430,431,432,433,434]],"id":"feature_164"},{"properties":{"LSOA11CD":"E01022265","LSOA11NM":"Forest of Dean 005C"},"type":"Polygon","arcs":[[435,436,437,438,-441]],"id":"feature_165"},{"properties":{"LSOA11CD":"E01022266","LSOA11NM":"Forest of Dean 005D"},"type":"Polygon","arcs":[[-955,439,440,441,442]],"id":"feature_166"},{"properties":{"LSOA11CD":"E01022267","LSOA11NM":"Forest of Dean 002C"},"type":"Polygon","arcs":[[443,-470,444,445,446,-475,447,448,-466]],"id":"feature_167"},{"properties":{"LSOA11CD":"E01022268","LSOA11NM":"Forest of Dean 008D"},"type":"Polygon","arcs":[[449,450,451,-455]],"id":"feature_168"},{"properties":{"LSOA11CD":"E01022269","LSOA11NM":"Forest of Dean 008E"},"type":"Polygon","arcs":[[452,453,454,455,456,457,458,459,460,461,462,463]],"id":"feature_169"},{"properties":{"LSOA11CD":"E01022270","LSOA11NM":"Forest of Dean 001D"},"type":"Polygon","arcs":[[464,465,466,467]],"id":"feature_170"},{"properties":{"LSOA11CD":"E01022271","LSOA11NM":"Forest of Dean 001E"},"type":"Polygon","arcs":[[468,469,470,-957,471,472,473,474]],"id":"feature_171"},{"properties":{"LSOA11CD":"E01022272","LSOA11NM":"Forest of Dean 010B"},"type":"Polygon","arcs":[[-477,-483,-480,475]],"id":"feature_172"},{"properties":{"LSOA11CD":"E01022273","LSOA11NM":"Forest of Dean 010C"},"type":"Polygon","arcs":[[476,477,-484]],"id":"feature_173"},{"properties":{"LSOA11CD":"E01022274","LSOA11NM":"Forest of Dean 010D"},"type":"Polygon","arcs":[[478,479,-486,480,481]],"id":"feature_174"},{"properties":{"LSOA11CD":"E01022275","LSOA11NM":"Forest of Dean 010E"},"type":"Polygon","arcs":[[482,483,484,485]],"id":"feature_175"},{"properties":{"LSOA11CD":"E01022276","LSOA11NM":"Gloucester 010A"},"type":"Polygon","arcs":[[-850,-582,-593,-487]],"id":"feature_176"},{"properties":{"LSOA11CD":"E01022277","LSOA11NM":"Gloucester 010B"},"type":"Polygon","arcs":[[-492,-851,486,-592,-488,-490]],"id":"feature_177"},{"properties":{"LSOA11CD":"E01022278","LSOA11NM":"Gloucester 007A"},"type":"Polygon","arcs":[[-495,-491,487,-591,-489,-498]],"id":"feature_178"},{"properties":{"LSOA11CD":"E01022279","LSOA11NM":"Gloucester 007B"},"type":"Polygon","arcs":[[-501,-499,488,-598,-588,-584]],"id":"feature_179"},{"properties":{"LSOA11CD":"E01022280","LSOA11NM":"Gloucester 010C"},"type":"Polygon","arcs":[[-543,-493,489,490,-494]],"id":"feature_180"},{"properties":{"LSOA11CD":"E01022281","LSOA11NM":"Gloucester 010D"},"type":"Polygon","arcs":[[-852,491,492,-542,-538,-968]],"id":"feature_181"},{"properties":{"LSOA11CD":"E01022282","LSOA11NM":"Gloucester 007C"},"type":"Polygon","arcs":[[-544,493,494,-497,-504,-496]],"id":"feature_182"},{"properties":{"LSOA11CD":"E01022283","LSOA11NM":"Gloucester 006A"},"type":"Polygon","arcs":[[-535,-539,-545,495,-503,-548]],"id":"feature_183"},{"properties":{"LSOA11CD":"E01022284","LSOA11NM":"Gloucester 007D"},"type":"Polygon","arcs":[[-502,-586,-508,-507]],"id":"feature_184"},{"properties":{"LSOA11CD":"E01022285","LSOA11NM":"Gloucester 007E"},"type":"Polygon","arcs":[[496,497,498,-500,-505]],"id":"feature_185"},{"properties":{"LSOA11CD":"E01022286","LSOA11NM":"Gloucester 007F"},"type":"Polygon","arcs":[[499,500,-583,501,-506]],"id":"feature_186"},{"properties":{"LSOA11CD":"E01022287","LSOA11NM":"Gloucester 007G"},"type":"Polygon","arcs":[[-549,502,503,504,505,506,-556,-525,-523,-521,-973]],"id":"feature_187"},{"properties":{"LSOA11CD":"E01022288","LSOA11NM":"Gloucester 005A"},"type":"Polygon","arcs":[[507,-517,-513,-510,-557]],"id":"feature_188"},{"properties":{"LSOA11CD":"E01022289","LSOA11NM":"Gloucester 005B"},"type":"Polygon","arcs":[[-509,-511,-515,-658,-1081,-551,-559]],"id":"feature_189"},{"properties":{"LSOA11CD":"E01022290","LSOA11NM":"Gloucester 005C"},"type":"Polygon","arcs":[[-512,508,-558,509]],"id":"feature_190"},{"properties":{"LSOA11CD":"E01022291","LSOA11NM":"Gloucester 005D"},"type":"Polygon","arcs":[[-520,-514,510,511,512]],"id":"feature_191"},{"properties":{"LSOA11CD":"E01022292","LSOA11NM":"Gloucester 005E"},"type":"Polygon","arcs":[[513,-519,-516,-659,514]],"id":"feature_192"},{"properties":{"LSOA11CD":"E01022293","LSOA11NM":"Gloucester 008A"},"type":"Polygon","arcs":[[-518,-611,-606,-617,-660,515]],"id":"feature_193"},{"properties":{"LSOA11CD":"E01022294","LSOA11NM":"Gloucester 008B"},"type":"Polygon","arcs":[[516,-585,-607,517,518,519]],"id":"feature_194"},{"properties":{"LSOA11CD":"E01022295","LSOA11NM":"Gloucester 003A"},"type":"Polygon","arcs":[[-567,-980,-974,520,-522,-571]],"id":"feature_195"},{"properties":{"LSOA11CD":"E01022296","LSOA11NM":"Gloucester 003B"},"type":"Polygon","arcs":[[-524,-572,521,522,-527]],"id":"feature_196"},{"properties":{"LSOA11CD":"E01022297","LSOA11NM":"Gloucester 003C"},"type":"Polygon","arcs":[[523,-526,-554,-579,-573]],"id":"feature_197"},{"properties":{"LSOA11CD":"E01022298","LSOA11NM":"Gloucester 003D"},"type":"Polygon","arcs":[[524,-555,525,526]],"id":"feature_198"},{"properties":{"LSOA11CD":"E01022299","LSOA11NM":"Gloucester 013A"},"type":"Polygon","arcs":[[-634,-529,-531,-528,-1079,-1070]],"id":"feature_199"},{"properties":{"LSOA11CD":"E01022300","LSOA11NM":"Gloucester 013B"},"type":"Polygon","arcs":[[-1073,527,-530,-653]],"id":"feature_200"},{"properties":{"LSOA11CD":"E01022301","LSOA11NM":"Gloucester 013C"},"type":"Polygon","arcs":[[-532,528,-638,-630,-622,-647]],"id":"feature_201"},{"properties":{"LSOA11CD":"E01022302","LSOA11NM":"Gloucester 013D"},"type":"Polygon","arcs":[[-654,529,530,531,-646]],"id":"feature_202"},{"properties":{"LSOA11CD":"E01022303","LSOA11NM":"Gloucester 006B"},"type":"Polygon","arcs":[[-533,-536,-546,-971]],"id":"feature_203"},{"properties":{"LSOA11CD":"E01022304","LSOA11NM":"Gloucester 006C"},"type":"Polygon","arcs":[[-537,-534,532,-970]],"id":"feature_204"},{"properties":{"LSOA11CD":"E01022305","LSOA11NM":"Gloucester 006D"},"type":"Polygon","arcs":[[533,-540,534,-547,535]],"id":"feature_205"},{"properties":{"LSOA11CD":"E01022306","LSOA11NM":"Gloucester 010E"},"type":"Polygon","arcs":[[536,-969,537,-541,538,539]],"id":"feature_206"},{"properties":{"LSOA11CD":"E01022307","LSOA11NM":"Gloucester 010F"},"type":"Polygon","arcs":[[540,541,542,543,544]],"id":"feature_207"},{"properties":{"LSOA11CD":"E01022308","LSOA11NM":"Gloucester 006E"},"type":"Polygon","arcs":[[545,546,547,548,-972]],"id":"feature_208"},{"properties":{"LSOA11CD":"E01022309","LSOA11NM":"Gloucester 002A"},"type":"Polygon","arcs":[[-561,-553,-550,-564]],"id":"feature_209"},{"properties":{"LSOA11CD":"E01022310","LSOA11NM":"Gloucester 002B"},"type":"Polygon","arcs":[[549,-552,-1084,-1061,-938,-565]],"id":"feature_210"},{"properties":{"LSOA11CD":"E01022311","LSOA11NM":"Gloucester 002C"},"type":"Polygon","arcs":[[-560,550,-1080,551,552]],"id":"feature_211"},{"properties":{"LSOA11CD":"E01022312","LSOA11NM":"Gloucester 002D"},"type":"Polygon","arcs":[[-580,553,554,555,556,557,558,559,560,-563]],"id":"feature_212"},{"properties":{"LSOA11CD":"E01022313","LSOA11NM":"Gloucester 001A"},"type":"Polygon","arcs":[[-566,-576,-562,-987,-569]],"id":"feature_213"},{"properties":{"LSOA11CD":"E01022314","LSOA11NM":"Gloucester 002E"},"type":"Polygon","arcs":[[-988,561,-575,562,563,564,-937]],"id":"feature_214"},{"properties":{"LSOA11CD":"E01022315","LSOA11NM":"Gloucester 001B"},"type":"Polygon","arcs":[[-577,565,-568,-574]],"id":"feature_215"},{"properties":{"LSOA11CD":"E01022316","LSOA11NM":"Gloucester 001C"},"type":"Polygon","arcs":[[-981,566,-570,567,568,-986]],"id":"feature_216"},{"properties":{"LSOA11CD":"E01022317","LSOA11NM":"Gloucester 001D"},"type":"Polygon","arcs":[[569,570,571,572,-578,573]],"id":"feature_217"},{"properties":{"LSOA11CD":"E01022318","LSOA11NM":"Gloucester 001E"},"type":"Polygon","arcs":[[574,575,576,577,578,579]],"id":"feature_218"},{"properties":{"LSOA11CD":"E01022319","LSOA11NM":"Gloucester 011A"},"type":"Polygon","arcs":[[-581,-595]],"id":"feature_219"},{"properties":{"LSOA11CD":"E01022320","LSOA11NM":"Gloucester 011B"},"type":"Polygon","arcs":[[580,-594,581,-849,-652,-600,-596]],"id":"feature_220"},{"properties":{"LSOA11CD":"E01022321","LSOA11NM":"Gloucester 011C"},"type":"Polygon","arcs":[[582,583,-587,-590,584,585]],"id":"feature_221"},{"properties":{"LSOA11CD":"E01022322","LSOA11NM":"Gloucester 011D"},"type":"Polygon","arcs":[[-597,-602,-589,586,587]],"id":"feature_222"},{"properties":{"LSOA11CD":"E01022323","LSOA11NM":"Gloucester 008C"},"type":"Polygon","arcs":[[588,-601,-645,-603,-608,589]],"id":"feature_223"},{"properties":{"LSOA11CD":"E01022324","LSOA11NM":"Gloucester 011E"},"type":"Polygon","arcs":[[590,591,592,593,594,595,-599,596,597]],"id":"feature_224"},{"properties":{"LSOA11CD":"E01022325","LSOA11NM":"Gloucester 011F"},"type":"Polygon","arcs":[[598,599,-651,-642,600,601]],"id":"feature_225"},{"properties":{"LSOA11CD":"E01022326","LSOA11NM":"Gloucester 009A"},"type":"Polygon","arcs":[[-605,-615,-612,-619]],"id":"feature_226"},{"properties":{"LSOA11CD":"E01022327","LSOA11NM":"Gloucester 009B"},"type":"Polygon","arcs":[[602,-644,-624,-613,-604,-609]],"id":"feature_227"},{"properties":{"LSOA11CD":"E01022328","LSOA11NM":"Gloucester 008D"},"type":"Polygon","arcs":[[-610,603,-616,604,-618,605]],"id":"feature_228"},{"properties":{"LSOA11CD":"E01022329","LSOA11NM":"Gloucester 008E"},"type":"Polygon","arcs":[[606,607,608,609,610]],"id":"feature_229"},{"properties":{"LSOA11CD":"E01022330","LSOA11NM":"Gloucester 009C"},"type":"Polygon","arcs":[[611,-614,-626,-621,-664,-620]],"id":"feature_230"},{"properties":{"LSOA11CD":"E01022331","LSOA11NM":"Gloucester 009D"},"type":"Polygon","arcs":[[612,-623,613,614,615]],"id":"feature_231"},{"properties":{"LSOA11CD":"E01022332","LSOA11NM":"Gloucester 004A"},"type":"Polygon","arcs":[[-661,616,617,618,619,-663]],"id":"feature_232"},{"properties":{"LSOA11CD":"E01022333","LSOA11NM":"Gloucester 009E"},"type":"Polygon","arcs":[[-629,-665,620,-625,-648,621]],"id":"feature_233"},{"properties":{"LSOA11CD":"E01022334","LSOA11NM":"Gloucester 009F"},"type":"Polygon","arcs":[[622,623,-643,-649,624,625]],"id":"feature_234"},{"properties":{"LSOA11CD":"E01022335","LSOA11NM":"Gloucester 015A"},"type":"Polygon","arcs":[[-1062,-1067,-627,-631,-635]],"id":"feature_235"},{"properties":{"LSOA11CD":"E01022336","LSOA11NM":"Gloucester 015B"},"type":"Polygon","arcs":[[-1066,-628,-725,-723,-641,-632,626]],"id":"feature_236"},{"properties":{"LSOA11CD":"E01022338","LSOA11NM":"Gloucester 015D"},"type":"Polygon","arcs":[[627,-1065,-729,-726]],"id":"feature_237"},{"properties":{"LSOA11CD":"E01022339","LSOA11NM":"Gloucester 014A"},"type":"Polygon","arcs":[[628,629,-637,-633,-639,-666]],"id":"feature_238"},{"properties":{"LSOA11CD":"E01022340","LSOA11NM":"Gloucester 014B"},"type":"Polygon","arcs":[[-636,630,631,-640,632]],"id":"feature_239"},{"properties":{"LSOA11CD":"E01022341","LSOA11NM":"Gloucester 014C"},"type":"Polygon","arcs":[[633,-1072,-1063,634,635,636,637]],"id":"feature_240"},{"properties":{"LSOA11CD":"E01022342","LSOA11NM":"Gloucester 014D"},"type":"Polygon","arcs":[[638,639,640,-722,-952,-667]],"id":"feature_241"},{"properties":{"LSOA11CD":"E01022343","LSOA11NM":"Gloucester 012A"},"type":"Polygon","arcs":[[641,-656,-650,642,643,644]],"id":"feature_242"},{"properties":{"LSOA11CD":"E01022344","LSOA11NM":"Gloucester 012B"},"type":"Polygon","arcs":[[-655,645,646,647,648,649]],"id":"feature_243"},{"properties":{"LSOA11CD":"E01022345","LSOA11NM":"Gloucester 012C"},"type":"Polygon","arcs":[[650,651,-848,-1074,652,653,654,655],[656]],"id":"feature_244"},{"properties":{"LSOA11CD":"E01022346","LSOA11NM":"Gloucester 012D"},"type":"Polygon","arcs":[[656]],"id":"feature_245"},{"properties":{"LSOA11CD":"E01022347","LSOA11NM":"Gloucester 004B"},"type":"Polygon","arcs":[[657,658,659,660,-662,-1057,-1082]],"id":"feature_246"},{"properties":{"LSOA11CD":"E01022348","LSOA11NM":"Gloucester 004C"},"type":"Polygon","arcs":[[661,662,663,664,665,666,-951,-949,-1058]],"id":"feature_247"},{"properties":{"LSOA11CD":"E01022350","LSOA11NM":"Stroud 010A"},"type":"Polygon","arcs":[[-824,-735,-751,-755,-701,-807,-812,-771]],"id":"feature_248"},{"properties":{"LSOA11CD":"E01022351","LSOA11NM":"Stroud 012A"},"type":"Polygon","arcs":[[-788,-670,667]],"id":"feature_249"},{"properties":{"LSOA11CD":"E01022352","LSOA11NM":"Stroud 012B"},"type":"Polygon","arcs":[[-683,-855,-671,-853,668,669,-787]],"id":"feature_250"},{"properties":{"LSOA11CD":"E01022353","LSOA11NM":"Stroud 012C"},"type":"Polygon","arcs":[[-854,670]],"id":"feature_251"},{"properties":{"LSOA11CD":"E01022354","LSOA11NM":"Stroud 002A"},"type":"Polygon","arcs":[[671,672,-695,-692,-700,-697,-833,-838,-792,-859,-764,-767]],"id":"feature_252"},{"properties":{"LSOA11CD":"E01022355","LSOA11NM":"Stroud 004A"},"type":"Polygon","arcs":[[-677,-674,-815,-804,-761,-675]],"id":"feature_253"},{"properties":{"LSOA11CD":"E01022356","LSOA11NM":"Stroud 004B"},"type":"Polygon","arcs":[[-773,-809,673,-676,-691]],"id":"feature_254"},{"properties":{"LSOA11CD":"E01022357","LSOA11NM":"Stroud 004C"},"type":"Polygon","arcs":[[-721,-678,674,-760]],"id":"feature_255"},{"properties":{"LSOA11CD":"E01022358","LSOA11NM":"Stroud 004D"},"type":"Polygon","arcs":[[-720,675,676,677]],"id":"feature_256"},{"properties":{"LSOA11CD":"E01022359","LSOA11NM":"Stroud 011A"},"type":"Polygon","arcs":[[-679,-716,-682,-689,-685,-680]],"id":"feature_257"},{"properties":{"LSOA11CD":"E01022360","LSOA11NM":"Stroud 011B"},"type":"Polygon","arcs":[[-703,-710,-713,-708,-717,678,-681,-687,-705]],"id":"feature_258"},{"properties":{"LSOA11CD":"E01022361","LSOA11NM":"Stroud 011C"},"type":"Polygon","arcs":[[679,-684,680]],"id":"feature_259"},{"properties":{"LSOA11CD":"E01022362","LSOA11NM":"Stroud 011D"},"type":"Polygon","arcs":[[-686,-690,681,-715,-707,-856,682,-786]],"id":"feature_260"},{"properties":{"LSOA11CD":"E01022363","LSOA11NM":"Stroud 011E"},"type":"Polygon","arcs":[[683,684,-688,685,-785,-706,686]],"id":"feature_261"},{"properties":{"LSOA11CD":"E01022364","LSOA11NM":"Stroud 011F"},"type":"Polygon","arcs":[[687,688,689]],"id":"feature_262"},{"properties":{"LSOA11CD":"E01022365","LSOA11NM":"Stroud 006A"},"type":"Polygon","arcs":[[-861,-791,-836,-827,-777,-774,690,-719,-839]],"id":"feature_263"},{"properties":{"LSOA11CD":"E01022366","LSOA11NM":"Stroud 008A"},"type":"Polygon","arcs":[[-741,-696,-698,691,-694]],"id":"feature_264"},{"properties":{"LSOA11CD":"E01022367","LSOA11NM":"Stroud 008B"},"type":"Polygon","arcs":[[692,-742,693,694]],"id":"feature_265"},{"properties":{"LSOA11CD":"E01022368","LSOA11NM":"Stroud 008C"},"type":"Polygon","arcs":[[695,-740,-828,696,-699]],"id":"feature_266"},{"properties":{"LSOA11CD":"E01022369","LSOA11NM":"Stroud 008D"},"type":"Polygon","arcs":[[697,698,699]],"id":"feature_267"},{"properties":{"LSOA11CD":"E01022370","LSOA11NM":"Stroud 009A"},"type":"Polygon","arcs":[[700,-754,-746,701,-867,-709,702,-704,-819,-808]],"id":"feature_268"},{"properties":{"LSOA11CD":"E01022371","LSOA11NM":"Stroud 009B"},"type":"Polygon","arcs":[[-820,703,704,705,-784,-718]],"id":"feature_269"},{"properties":{"LSOA11CD":"E01022372","LSOA11NM":"Stroud 014A"},"type":"Polygon","arcs":[[-712,-864,-857,706,-714,707]],"id":"feature_270"},{"properties":{"LSOA11CD":"E01022373","LSOA11NM":"Stroud 014B"},"type":"Polygon","arcs":[[708,-866,-711,709]],"id":"feature_271"},{"properties":{"LSOA11CD":"E01022374","LSOA11NM":"Stroud 014C"},"type":"Polygon","arcs":[[710,-865,711,712]],"id":"feature_272"},{"properties":{"LSOA11CD":"E01022375","LSOA11NM":"Stroud 014D"},"type":"Polygon","arcs":[[713,714,715,716]],"id":"feature_273"},{"properties":{"LSOA11CD":"E01022376","LSOA11NM":"Stroud 003A"},"type":"Polygon","arcs":[[-846,-762,-796,-797,-801,-793,-821,717,-778,-730]],"id":"feature_274"},{"properties":{"LSOA11CD":"E01022377","LSOA11NM":"Stroud 004E"},"type":"Polygon","arcs":[[-840,718,719,720,-759]],"id":"feature_275"},{"properties":{"LSOA11CD":"E01022378","LSOA11NM":"Stroud 001A"},"type":"Polygon","arcs":[[-953,721,722,-727,-732,723]],"id":"feature_276"},{"properties":{"LSOA11CD":"E01022379","LSOA11NM":"Stroud 001B"},"type":"Polygon","arcs":[[724,725,-728,726]],"id":"feature_277"},{"properties":{"LSOA11CD":"E01022380","LSOA11NM":"Stroud 001C"},"type":"Polygon","arcs":[[727,728,-1064,-847,729,-780,-781,730,731]],"id":"feature_278"},{"properties":{"LSOA11CD":"E01022381","LSOA11NM":"Stroud 015A"},"type":"Polygon","arcs":[[732,733,-869]],"id":"feature_279"},{"properties":{"LSOA11CD":"E01022382","LSOA11NM":"Stroud 010B"},"type":"Polygon","arcs":[[-736,-738,-747,734,-823,-831]],"id":"feature_280"},{"properties":{"LSOA11CD":"E01022383","LSOA11NM":"Stroud 010C"},"type":"Polygon","arcs":[[735,-830,-739]],"id":"feature_281"},{"properties":{"LSOA11CD":"E01022384","LSOA11NM":"Stroud 010D"},"type":"Polygon","arcs":[[736,-748,737,738,-829,739,740,741,742]],"id":"feature_282"},{"properties":{"LSOA11CD":"E01022385","LSOA11NM":"Stroud 013A"},"type":"Polygon","arcs":[[-756,-750,743,744,745,-753]],"id":"feature_283"},{"properties":{"LSOA11CD":"E01022386","LSOA11NM":"Stroud 013B"},"type":"Polygon","arcs":[[746,747,748,749,-758,-752,750]],"id":"feature_284"},{"properties":{"LSOA11CD":"E01022387","LSOA11NM":"Stroud 013C"},"type":"Polygon","arcs":[[751,-757,752,753,754]],"id":"feature_285"},{"properties":{"LSOA11CD":"E01022388","LSOA11NM":"Stroud 013D"},"type":"Polygon","arcs":[[755,756,757]],"id":"feature_286"},{"properties":{"LSOA11CD":"E01022389","LSOA11NM":"Stroud 004F"},"type":"Polygon","arcs":[[-841,758,759,760,-803,-794,761,-845,-765]],"id":"feature_287"},{"properties":{"LSOA11CD":"E01022390","LSOA11NM":"Stroud 002B"},"type":"Polygon","arcs":[[-769,-763]],"id":"feature_288"},{"properties":{"LSOA11CD":"E01022391","LSOA11NM":"Stroud 002C"},"type":"Polygon","arcs":[[-770,762,-768,763,-863,-842,764,-844]],"id":"feature_289"},{"properties":{"LSOA11CD":"E01022392","LSOA11NM":"Stroud 002D"},"type":"Polygon","arcs":[[-885,765,766,767,768,769,-843,-887]],"id":"feature_290"},{"properties":{"LSOA11CD":"E01022393","LSOA11NM":"Stroud 007A"},"type":"Polygon","arcs":[[-825,770,-811,-772,-775]],"id":"feature_291"},{"properties":{"LSOA11CD":"E01022394","LSOA11NM":"Stroud 007B"},"type":"Polygon","arcs":[[771,-810,772,773,-776]],"id":"feature_292"},{"properties":{"LSOA11CD":"E01022395","LSOA11NM":"Stroud 007C"},"type":"Polygon","arcs":[[-826,774,775,776]],"id":"feature_293"},{"properties":{"LSOA11CD":"E01022396","LSOA11NM":"Stroud 003B"},"type":"Polygon","arcs":[[777,-790,778,-782,779]],"id":"feature_294"},{"properties":{"LSOA11CD":"E01022397","LSOA11NM":"Stroud 003C"},"type":"Polygon","arcs":[[780,781,782]],"id":"feature_295"},{"properties":{"LSOA11CD":"E01022398","LSOA11NM":"Stroud 003D"},"type":"Polygon","arcs":[[783,784,785,786,787,788,789]],"id":"feature_296"},{"properties":{"LSOA11CD":"E01022399","LSOA11NM":"Stroud 006B"},"type":"Polygon","arcs":[[-837,790,-860,791]],"id":"feature_297"},{"properties":{"LSOA11CD":"E01022400","LSOA11NM":"Stroud 005A"},"type":"Polygon","arcs":[[-795,-805,-822,792,-800]],"id":"feature_298"},{"properties":{"LSOA11CD":"E01022401","LSOA11NM":"Stroud 005B"},"type":"Polygon","arcs":[[793,-806,794,-799,-798,795]],"id":"feature_299"},{"properties":{"LSOA11CD":"E01022402","LSOA11NM":"Stroud 005C"},"type":"Polygon","arcs":[[796,797,-802]],"id":"feature_300"},{"properties":{"LSOA11CD":"E01022403","LSOA11NM":"Stroud 005D"},"type":"Polygon","arcs":[[798,799,800,801]],"id":"feature_301"},{"properties":{"LSOA11CD":"E01022404","LSOA11NM":"Stroud 005E"},"type":"Polygon","arcs":[[802,803,-814,-816,804,805]],"id":"feature_302"},{"properties":{"LSOA11CD":"E01022405","LSOA11NM":"Stroud 009C"},"type":"Polygon","arcs":[[-813,806,807,-818]],"id":"feature_303"},{"properties":{"LSOA11CD":"E01022406","LSOA11NM":"Stroud 009D"},"type":"Polygon","arcs":[[808,809,810,811,812,-817,813,814]],"id":"feature_304"},{"properties":{"LSOA11CD":"E01022407","LSOA11NM":"Stroud 009E"},"type":"Polygon","arcs":[[815,816,817,818,819,820,821]],"id":"feature_305"},{"properties":{"LSOA11CD":"E01022408","LSOA11NM":"Stroud 007D"},"type":"Polygon","arcs":[[-835,-832,822,823,824,825,826]],"id":"feature_306"},{"properties":{"LSOA11CD":"E01022409","LSOA11NM":"Stroud 007E"},"type":"Polygon","arcs":[[827,828,829,830,831,-834,832]],"id":"feature_307"},{"properties":{"LSOA11CD":"E01022410","LSOA11NM":"Stroud 006C"},"type":"Polygon","arcs":[[833,834,835,836,837]],"id":"feature_308"},{"properties":{"LSOA11CD":"E01022411","LSOA11NM":"Stroud 006D"},"type":"Polygon","arcs":[[-862,838,839,840,841]],"id":"feature_309"},{"properties":{"LSOA11CD":"E01022412","LSOA11NM":"Stroud 001D"},"type":"Polygon","arcs":[[-888,842,843,844,845,846,-1069,-1075,847,848,849,850,851,-967]],"id":"feature_310"},{"properties":{"LSOA11CD":"E01022413","LSOA11NM":"Stroud 012D"},"type":"Polygon","arcs":[[852,853,854,855,856,-871,857]],"id":"feature_311"},{"properties":{"LSOA11CD":"E01022414","LSOA11NM":"Stroud 006E"},"type":"Polygon","arcs":[[858,859,860,861,862]],"id":"feature_312"},{"properties":{"LSOA11CD":"E01022415","LSOA11NM":"Stroud 015B"},"type":"Polygon","arcs":[[863,864,865,866,867,868,869,870],[-877,-874,-872,-875]],"id":"feature_313"},{"properties":{"LSOA11CD":"E01022416","LSOA11NM":"Stroud 015C"},"type":"Polygon","arcs":[[-873,871]],"id":"feature_314"},{"properties":{"LSOA11CD":"E01022417","LSOA11NM":"Stroud 015D"},"type":"Polygon","arcs":[[872,873,-876,874]],"id":"feature_315"},{"properties":{"LSOA11CD":"E01022418","LSOA11NM":"Stroud 015E"},"type":"Polygon","arcs":[[875,876]],"id":"feature_316"},{"properties":{"LSOA11CD":"E01022420","LSOA11NM":"Tewkesbury 008A"},"type":"Polygon","arcs":[[877,878,879,880,881,-1017,882,883,884,-886,-893,-899,-900,-907,-913,-983,-944,-943]],"id":"feature_317"},{"properties":{"LSOA11CD":"E01022421","LSOA11NM":"Tewkesbury 009A"},"type":"Polygon","arcs":[[-889,-891,-895]],"id":"feature_318"},{"properties":{"LSOA11CD":"E01022422","LSOA11NM":"Tewkesbury 009B"},"type":"Polygon","arcs":[[885,886,887,-966,-892,888,-894,-890]],"id":"feature_319"},{"properties":{"LSOA11CD":"E01022423","LSOA11NM":"Tewkesbury 009C"},"type":"Polygon","arcs":[[889,-896,890,891,-965,-897,892]],"id":"feature_320"},{"properties":{"LSOA11CD":"E01022424","LSOA11NM":"Tewkesbury 009D"},"type":"Polygon","arcs":[[893,894,895]],"id":"feature_321"},{"properties":{"LSOA11CD":"E01022425","LSOA11NM":"Tewkesbury 007A"},"type":"Polygon","arcs":[[-910,-905,-902,-898,-977,-903]],"id":"feature_322"},{"properties":{"LSOA11CD":"E01022426","LSOA11NM":"Tewkesbury 007B"},"type":"Polygon","arcs":[[896,-975,-978,897,-901,898]],"id":"feature_323"},{"properties":{"LSOA11CD":"E01022427","LSOA11NM":"Tewkesbury 007C"},"type":"Polygon","arcs":[[-904,899,900,901]],"id":"feature_324"},{"properties":{"LSOA11CD":"E01022428","LSOA11NM":"Tewkesbury 007D"},"type":"Polygon","arcs":[[-906,-908,902,-976,-912]],"id":"feature_325"},{"properties":{"LSOA11CD":"E01022429","LSOA11NM":"Tewkesbury 007E"},"type":"Polygon","arcs":[[903,904,-909,905,-911,906]],"id":"feature_326"},{"properties":{"LSOA11CD":"E01022430","LSOA11NM":"Tewkesbury 007F"},"type":"Polygon","arcs":[[907,908,909]],"id":"feature_327"},{"properties":{"LSOA11CD":"E01022431","LSOA11NM":"Tewkesbury 007G"},"type":"Polygon","arcs":[[910,911,-982,-984,912]],"id":"feature_328"},{"properties":{"LSOA11CD":"E01022432","LSOA11NM":"Tewkesbury 005A"},"type":"Polygon","arcs":[[-939,-1006,-932,-933,-931,-926,-916,-924,913,914]],"id":"feature_329"},{"properties":{"LSOA11CD":"E01022433","LSOA11NM":"Tewkesbury 005B"},"type":"Polygon","arcs":[[915,-927,-1001,-925]],"id":"feature_330"},{"properties":{"LSOA11CD":"E01022434","LSOA11NM":"Tewkesbury 004A"},"type":"Polygon","arcs":[[-1045,916,917,918,919,920,921,922,923,924,-1000,-1049]],"id":"feature_331"},{"properties":{"LSOA11CD":"E01022435","LSOA11NM":"Tewkesbury 005C"},"type":"Polygon","arcs":[[925,-930,-928,-1002,926]],"id":"feature_332"},{"properties":{"LSOA11CD":"E01022436","LSOA11NM":"Tewkesbury 005D"},"type":"Polygon","arcs":[[-929,-935,-1003,927]],"id":"feature_333"},{"properties":{"LSOA11CD":"E01022437","LSOA11NM":"Tewkesbury 005E"},"type":"Polygon","arcs":[[928,929,930,-934,931,-1005,-936]],"id":"feature_334"},{"properties":{"LSOA11CD":"E01022438","LSOA11NM":"Tewkesbury 005F"},"type":"Polygon","arcs":[[932,933]],"id":"feature_335"},{"properties":{"LSOA11CD":"E01022439","LSOA11NM":"Tewkesbury 005G"},"type":"Polygon","arcs":[[934,935,-1004]],"id":"feature_336"},{"properties":{"LSOA11CD":"E01022440","LSOA11NM":"Tewkesbury 006A"},"type":"Polygon","arcs":[[-989,936,937,-1060,-948,-945]],"id":"feature_337"},{"properties":{"LSOA11CD":"E01022441","LSOA11NM":"Tewkesbury 004B"},"type":"Polygon","arcs":[[-1007,938,939,940,941,942,-946,-960,-1023]],"id":"feature_338"},{"properties":{"LSOA11CD":"E01022442","LSOA11NM":"Tewkesbury 006B"},"type":"Polygon","arcs":[[943,-990,944,-947,-961,945]],"id":"feature_339"},{"properties":{"LSOA11CD":"E01022443","LSOA11NM":"Tewkesbury 006C"},"type":"Polygon","arcs":[[946,947,-1059,948,-959,949,-962]],"id":"feature_340"},{"properties":{"LSOA11CD":"E01022444","LSOA11NM":"Tewkesbury 006D"},"type":"Polygon","arcs":[[950,951,952,953,954,955,956,957,958]],"id":"feature_341"},{"properties":{"LSOA11CD":"E01022445","LSOA11NM":"Tewkesbury 004C"},"type":"Polygon","arcs":[[-1031,-1024,959,960,961,962,963]],"id":"feature_342"},{"properties":{"LSOA11CD":"E01022446","LSOA11NM":"Tewkesbury 009E"},"type":"Polygon","arcs":[[964,965,966,967,968,969,970,971,972,973,-979,974]],"id":"feature_343"},{"properties":{"LSOA11CD":"E01022447","LSOA11NM":"Tewkesbury 007H"},"type":"Polygon","arcs":[[975,976,977,978,979,980,-985,981]],"id":"feature_344"},{"properties":{"LSOA11CD":"E01022448","LSOA11NM":"Tewkesbury 008B"},"type":"Polygon","arcs":[[982,983,984,985,986,987,988,989]],"id":"feature_345"},{"properties":{"LSOA11CD":"E01022449","LSOA11NM":"Tewkesbury 003A"},"type":"Polygon","arcs":[[990,991,992,993,-1056,-1051,-1008,-1085,994]],"id":"feature_346"},{"properties":{"LSOA11CD":"E01022450","LSOA11NM":"Tewkesbury 001B"},"type":"Polygon","arcs":[[-999,-996,-1090]],"id":"feature_347"},{"properties":{"LSOA11CD":"E01022451","LSOA11NM":"Tewkesbury 001C"},"type":"Polygon","arcs":[[-1091,995,-998,-1021,996]],"id":"feature_348"},{"properties":{"LSOA11CD":"E01022452","LSOA11NM":"Tewkesbury 001D"},"type":"Polygon","arcs":[[-1089,-1019,997,998]],"id":"feature_349"},{"properties":{"LSOA11CD":"E01022453","LSOA11NM":"Tewkesbury 004D"},"type":"Polygon","arcs":[[-1050,999,1000,1001,1002,1003,1004,1005,1006,-1022,-1086,1007]],"id":"feature_350"},{"properties":{"LSOA11CD":"E01022454","LSOA11NM":"Tewkesbury 008C"},"type":"Polygon","arcs":[[1008,1009,1010,1011,1012,1013,1014,1015,1016,1017]],"id":"feature_351"},{"properties":{"LSOA11CD":"E01022455","LSOA11NM":"Tewkesbury 001E"},"type":"Polygon","arcs":[[1018,-1088,-1097,-1027,-1034,-1037,1019,1020]],"id":"feature_352"},{"properties":{"LSOA11CD":"E01022456","LSOA11NM":"Tewkesbury 002A"},"type":"Polygon","arcs":[[-1094,-1087,1021,1022,1023,-1030,-1025]],"id":"feature_353"},{"properties":{"LSOA11CD":"E01022457","LSOA11NM":"Tewkesbury 002B"},"type":"Polygon","arcs":[[-1095,1024,-1029,-1026]],"id":"feature_354"},{"properties":{"LSOA11CD":"E01022458","LSOA11NM":"Tewkesbury 002C"},"type":"Polygon","arcs":[[-1096,1025,-1028,-1035,1026]],"id":"feature_355"},{"properties":{"LSOA11CD":"E01022459","LSOA11NM":"Tewkesbury 002D"},"type":"Polygon","arcs":[[1027,1028,1029,1030,1031,-1041,-1036]],"id":"feature_356"},{"properties":{"LSOA11CD":"E01022460","LSOA11NM":"Tewkesbury 002E"},"type":"Polygon","arcs":[[-1040,1032,-1038,1033,1034,1035]],"id":"feature_357"},{"properties":{"LSOA11CD":"E01022461","LSOA11NM":"Tewkesbury 002F"},"type":"Polygon","arcs":[[1036,1037,1038]],"id":"feature_358"},{"properties":{"LSOA11CD":"E01022462","LSOA11NM":"Tewkesbury 002G"},"type":"Polygon","arcs":[[1039,1040,1041]],"id":"feature_359"},{"properties":{"LSOA11CD":"E01022463","LSOA11NM":"Tewkesbury 003B"},"type":"Polygon","arcs":[[1042,1043,1044,-1048,-1046,-1053]],"id":"feature_360"},{"properties":{"LSOA11CD":"E01022464","LSOA11NM":"Tewkesbury 003C"},"type":"Polygon","arcs":[[1045,-1047,-1054]],"id":"feature_361"},{"properties":{"LSOA11CD":"E01022465","LSOA11NM":"Tewkesbury 003D"},"type":"Polygon","arcs":[[-1055,1046,1047,1048,1049,1050]],"id":"feature_362"},{"properties":{"LSOA11CD":"E01022466","LSOA11NM":"Tewkesbury 003E"},"type":"Polygon","arcs":[[1051,1052,1053,1054,1055]],"id":"feature_363"},{"properties":{"LSOA11CD":"E01032932","LSOA11NM":"Gloucester 004E"},"type":"Polygon","arcs":[[-1083,1056,1057,1058,1059,1060]],"id":"feature_364"},{"properties":{"LSOA11CD":"E01032933","LSOA11NM":"Gloucester 015E"},"type":"Polygon","arcs":[[-1071,-1077,-1068,1061,1062]],"id":"feature_365"},{"properties":{"LSOA11CD":"E01032934","LSOA11NM":"Gloucester 015F"},"type":"Polygon","arcs":[[1063,1064,1065,1066,1067,-1076,1068]],"id":"feature_366"},{"properties":{"LSOA11CD":"E01032935","LSOA11NM":"Gloucester 015G"},"type":"Polygon","arcs":[[1069,-1078,1070,1071]],"id":"feature_367"},{"properties":{"LSOA11CD":"E01032936","LSOA11NM":"Gloucester 015H"},"type":"Polygon","arcs":[[1072,1073,1074,1075,1076,1077,1078]],"id":"feature_368"},{"properties":{"LSOA11CD":"E01032937","LSOA11NM":"Gloucester 004F"},"type":"Polygon","arcs":[[1079,1080,1081,1082,1083]],"id":"feature_369"},{"properties":{"LSOA11CD":"E01032938","LSOA11NM":"Tewkesbury 001F"},"type":"Polygon","arcs":[[1084,1085,1086,-1093,-1100,-1098,1087,1088,1089,1090,1091]],"id":"feature_370"},{"properties":{"LSOA11CD":"E01032939","LSOA11NM":"Tewkesbury 001G"},"type":"Polygon","arcs":[[-1099,1092,1093,1094,1095,1096,1097]],"id":"feature_371"},{"properties":{"LSOA11CD":"E01032940","LSOA11NM":"Tewkesbury 001H"},"type":"Polygon","arcs":[[1098,1099]],"id":"feature_372"}],"type":"GeometryCollection"}},"bbox":[-2.68768372053148,51.5775902726423,-1.61518927059618,52.1125925556367],"transform":{"scale":[1.07250517498705e-05,5.350076330707359e-06],"translate":[-2.68768372053148,51.5775902726423]},"arcs":[[[59000,60437],[-1030,-376]],[[57812,60492],[158,-431]],[[57970,60061],[-116,-613]],[[58283,59300],[793,1117]],[[58104,59100],[179,200]],[[58283,59300],[1166,-150]],[[58906,58304],[543,846]],[[59449,59150],[2484,1564]],[[53126,59753],[222,-604],[-370,-905]],[[52101,59268],[554,-965],[-221,-360]],[[61136,56583],[1009,-758]],[[59780,56336],[-520,-258],[-263,522]],[[59448,56978],[-426,187],[96,439],[-264,-305]],[[58518,58467],[388,-163]],[[58906,58304],[644,-644]],[[61136,56583],[-421,135],[-213,-708],[-417,632],[-305,-306]],[[59780,56336],[-332,642]],[[59448,56978],[572,65],[-470,617]],[[59550,57660],[1586,-1077]],[[58854,57299],[103,-505]],[[58997,56600],[715,-4127]],[[57407,55969],[775,443],[336,-370],[439,752]],[[58957,56794],[40,-194]],[[57854,59448],[250,-348]],[[58104,59100],[414,-633]],[[58518,58467],[336,-1168]],[[58854,57299],[-1144,541]],[[57682,59613],[172,-165]],[[57682,59613],[178,-1327]],[[57452,59917],[230,-304]],[[57452,59917],[-534,-1265]],[[57150,60458],[302,-541]],[[57860,58286],[-150,-446]],[[57710,57840],[-174,-1294]],[[57405,58312],[455,-26]],[[57405,58312],[-147,-600],[-406,213],[111,-556]],[[56918,58652],[487,-340]],[[53492,61435],[620,403]],[[53098,61850],[394,-415]],[[53492,61435],[-510,-618]],[[52225,60676],[757,141]],[[52982,60817],[229,-331]],[[53087,59778],[-986,-510]],[[52101,59268],[-1172,-534]],[[55406,60149],[272,-1085]],[[55889,59103],[-104,997],[353,-306]],[[56808,59899],[-83,-826],[-295,86]],[[57138,60485],[12,-27]],[[57150,60458],[-342,-559]],[[56808,59899],[-670,-105]],[[56138,59794],[175,1000]],[[57390,56708],[146,-162]],[[57536,56546],[-129,-577]],[[57407,55969],[-199,-1177],[427,-420]],[[56674,55213],[-306,184],[461,920],[-198,645]],[[56963,57369],[427,-661]],[[57390,56708],[-759,254]],[[56631,56962],[-920,83]],[[56624,57932],[339,-563]],[[60971,61088],[-79,-417],[-1442,160]],[[59091,61689],[557,15]],[[59450,60831],[-374,-414]],[[59076,60417],[-32,9]],[[58915,61240],[176,449]],[[59091,61689],[359,-858]],[[58915,61240],[-183,-640],[312,-174]],[[59044,60426],[-44,11]],[[59000,60437],[-898,512]],[[58451,61744],[464,-504]],[[54511,59287],[536,-116]],[[53643,58662],[814,634]],[[55913,58136],[-866,1035]],[[55047,59171],[631,-107]],[[55678,59064],[211,39]],[[55889,59103],[259,85]],[[56430,59159],[488,-507]],[[56918,58652],[-243,-527]],[[55950,58144],[198,1044]],[[56148,59188],[282,-29]],[[56675,58125],[-51,-193]],[[56624,57932],[-913,-887]],[[55247,57783],[666,353]],[[55913,58136],[37,8]],[[55950,58144],[210,410],[51,-378],[-8,-45],[227,2],[14,26],[231,-34]],[[59001,62272],[-550,-528]],[[58451,61744],[-282,-333]],[[57664,62426],[707,-221],[118,410]],[[58169,61411],[-77,-340]],[[56983,61956],[681,470]],[[57664,62426],[-1,-731],[407,193],[99,-477]],[[58092,61071],[10,-122]],[[58102,60949],[-123,-201],[-1,-8],[-166,-248]],[[57812,60492],[-535,284]],[[57401,61108],[691,-37]],[[58638,62584],[-149,31]],[[58489,62615],[-1846,631]],[[58638,62584],[519,421],[-112,452],[656,-415]],[[59389,62370],[-388,-98]],[[59001,62272],[-363,312]],[[59389,62370],[454,223]],[[60498,61953],[-850,-249]],[[59648,61704],[-259,666]],[[60498,61953],[98,606],[-753,34]],[[59843,62593],[274,305],[-416,144]],[[59701,63042],[-226,1787]],[[60619,61679],[-121,274]],[[53126,59753],[-39,25]],[[53087,59778],[124,708]],[[53211,60486],[545,423]],[[53516,59607],[-390,146]],[[54335,59318],[-819,289]],[[53516,59607],[-192,699],[735,-9]],[[54386,60024],[-327,273]],[[54059,60297],[12,772],[-315,-160]],[[53756,60909],[550,735]],[[54457,59296],[-122,22]],[[54335,59318],[51,706]],[[54386,60024],[-274,420],[926,446]],[[56003,62646],[481,-491]],[[56983,61956],[7,-33]],[[56260,61247],[224,908]],[[56484,62155],[499,-199]],[[56527,61018],[199,168]],[[57317,61685],[84,-577]],[[57401,61108],[-124,-332]],[[57277,60776],[-139,-291]],[[57138,60485],[-381,348]],[[56990,61923],[327,-238]],[[57317,61685],[-591,-499]],[[56726,61186],[264,737]],[[55031,60680],[7,210]],[[55038,60890],[-564,611]],[[55640,60292],[-234,-143]],[[55406,60149],[-895,-862]],[[54511,59287],[-54,9]],[[54457,59296],[574,1384]],[[55031,60680],[417,452]],[[54306,61644],[-194,194]],[[54112,61838],[-152,190]],[[55201,62391],[-727,-890]],[[54474,61501],[-168,143]],[[55918,61627],[342,-380]],[[56260,61247],[267,-229]],[[56527,61018],[230,-185]],[[56757,60833],[-444,-39]],[[56313,60794],[-673,-502]],[[55640,60292],[275,868],[-467,-28]],[[55448,61132],[-435,388],[713,372]],[[54811,62719],[-851,-691]],[[53960,62028],[-293,35]],[[54210,63190],[-543,-1127]],[[53667,62063],[-349,93]],[[53366,63451],[-460,-399],[410,-802]],[[53318,62156],[-220,-306]],[[53098,61850],[-873,-1174]],[[52225,60676],[-362,1164]],[[51974,62191],[1342,59]],[[53316,62250],[2,-94]],[[56271,63115],[-268,-469]],[[56003,62646],[-81,-196]],[[55922,62450],[-4,-823]],[[55918,61627],[-192,265]],[[55726,61892],[-525,499]],[[55201,62391],[-328,399]],[[55109,63165],[626,478],[-132,-1059],[319,-134]],[[55973,64225],[-725,-98],[-139,-962]],[[55109,63165],[-236,-375]],[[54873,62790],[-62,-71]],[[54811,62719],[-601,471]],[[54210,63190],[-415,86]],[[57853,65801],[-1210,-2555]],[[56643,63246],[-78,-484],[-294,353]],[[56271,63115],[-298,1110]],[[55973,64225],[571,1937]],[[52364,57905],[70,38]],[[52434,57943],[237,129]],[[53254,57564],[-583,508]],[[52671,58072],[307,172]],[[52978,58244],[665,418]],[[53643,58662],[21,-42]],[[53259,57561],[-5,3]],[[53254,57564],[297,674]],[[53008,56895],[389,186],[-138,480]],[[53259,57561],[634,-432],[29,-755]],[[54077,56320],[-13,827]],[[55711,57045],[-684,-733]],[[54831,56078],[-613,981]],[[55143,57271],[568,-226]],[[53804,57583],[-253,655]],[[53551,58238],[113,382]],[[53664,58620],[740,-154]],[[55247,57783],[-104,-512]],[[55143,57271],[-925,-212]],[[54218,57059],[-154,88]],[[54064,57147],[-260,436]],[[53804,57583],[483,37],[117,846]],[[54404,58466],[843,-683]],[[58789,17729],[-1529,-2436],[-10,-22],[-3210,-5303],[-2142,-3712]],[[89703,64961],[1756,670],[45,767]],[[95284,76615],[77,-817],[-6,-82],[-369,-1367],[436,-1666],[1110,-923],[-279,-749],[454,169],[14,13],[313,-172],[8,-6],[1382,-397],[1575,-3312],[-2829,-2876],[405,-137],[-346,-1465],[936,-156],[104,-1386],[46,-1101],[-1322,-875],[-4,0],[-314,197],[-13,-35],[-616,265]],[[92652,86342],[2341,-550],[263,-521],[0,-22],[466,-386]],[[86385,58809],[1041,-2524],[875,343]],[[88040,88385],[-459,-450],[1135,-1762],[-17,-730],[-5614,-2220],[-41,-950],[-1177,-1270],[259,-1549]],[[79126,80222],[349,445],[-33,2493],[992,1576],[-469,593],[8,19],[20,909],[-872,879],[-756,484],[-1514,1318],[54,1872],[-197,532],[-624,-159],[-30,1213],[276,363],[1253,109],[206,-388],[632,1319],[1386,-1243],[1194,2361],[578,-1234]],[[86152,90531],[106,-1974],[-1039,-91],[219,-724],[-539,-343]],[[87274,97025],[1224,-986],[930,1629],[38,-3491],[-58,-1846],[1515,-932],[247,1265],[760,-101],[-318,-2449],[520,-949],[875,20],[-355,-2843]],[[92652,86342],[-759,-1],[-11,633],[-1775,254],[-772,1021],[-584,-450],[-711,586]],[[88040,88385],[-1888,2146]],[[86152,90531],[-1901,69],[-297,-752],[629,-361],[-426,-339],[-141,-853],[350,-298],[-345,-160],[413,-929],[465,491]],[[84899,87399],[250,-496],[-1712,-1271],[-291,1308],[492,1166],[-873,1836],[-138,1387],[-721,142],[-236,629],[-91,1583]],[[81579,93683],[884,3227],[721,879],[436,-125]],[[87274,97025],[-690,-1194],[-1043,-175],[87,-819],[-157,411],[-853,-499],[-81,1323],[-917,1592]],[[83620,97664],[134,1173],[2030,1162],[1490,-2974]],[[77348,45597],[-4324,-7451]],[[61760,53586],[385,2239]],[[62145,55825],[578,1520]],[[59712,52473],[1013,1103],[887,-3],[11,2],[137,11]],[[61760,53586],[-753,-1840],[4,-66],[152,-779],[548,-299],[-425,-522],[572,-1458],[1841,-146],[118,-1382],[944,-980],[382,-3159],[834,123],[951,987],[938,-134],[439,-1627],[528,118],[36,-1041],[686,-414],[18,-31],[402,-528],[-303,-938],[3231,-1204],[121,-120]],[[73024,38146],[-2635,-3570],[-807,-2777],[-103,-340],[-182,-1482]],[[57527,53723],[1046,-102],[1139,-1148]],[[68571,25501],[-372,358],[237,482],[986,-331]],[[68235,25418],[336,83]],[[68571,25501],[862,-75]],[[67092,24123],[-658,-295],[-313,240],[228,561]],[[65507,24594],[245,-1127],[289,490],[552,-460],[502,544]],[[66875,27051],[15,-1123],[-908,-827],[1036,8]],[[67072,24416],[-723,213]],[[66349,24629],[-842,-35]],[[65507,24594],[-1378,-1478]],[[69330,27589],[-1429,-1444]],[[67901,26145],[-1026,906]],[[66875,27051],[-206,126]],[[66964,29922],[697,17],[396,-1751],[1273,-492]],[[66669,27177],[-2932,390]],[[65115,30156],[522,-1030],[1327,796]],[[66964,29922],[-349,-1165],[-615,-249],[351,-905],[353,245],[-35,-671]],[[67350,23061],[-255,980]],[[67095,24041],[-3,82]],[[67092,24123],[-20,293]],[[67072,24416],[-10,21]],[[68418,24941],[55,-215]],[[67243,25518],[658,627]],[[67901,26145],[334,-727]],[[68235,25418],[183,-477]],[[68418,24941],[-569,-365]],[[67018,25109],[225,409]],[[67243,25518],[606,-942]],[[67849,24576],[-787,-139]],[[67062,24437],[-44,672]],[[65115,30156],[-406,-773],[-1443,-140],[471,-1676]],[[63737,27567],[-572,-72],[-2530,2767],[-1694,-947],[147,-1906]],[[54914,49646],[348,167],[-77,-498],[1954,-1200],[2174,639],[305,-2056],[3210,-1671],[-1030,-2255],[-158,-2192],[417,-1535],[941,-823],[-233,-967],[1408,-1234],[159,-2025],[826,-1853],[-689,-661],[646,-1326]],[[79393,30612],[981,377],[633,1154],[592,-175]],[[82657,20149],[-1003,3319]],[[81105,26313],[339,556],[2638,820],[-252,1204],[587,202],[742,-3688]],[[85090,23232],[97,824],[-687,595],[659,756]],[[85159,25407],[683,-646],[-861,-294],[1147,-1126]],[[93404,73915],[-199,-1682],[925,-3290],[655,-417],[126,-769],[-345,144],[-557,-891],[-1002,345],[-708,-836],[-795,-121]],[[91504,66398],[-793,-240],[-182,926],[-604,-62]],[[82611,78374],[514,-442],[2722,1328],[1082,-279],[2644,2201],[872,-1139],[2047,21],[1228,3613],[974,-68],[366,1103],[662,151]],[[95722,84863],[461,393],[15,36],[569,131],[8,-11],[2364,828],[614,-1000],[10,-320],[-226,-786],[-770,-95],[-955,-1256],[-719,-2376],[-23,-15],[-307,-273],[-15,-6],[-1849,-2451]],[[46207,15359],[1789,1105],[1630,-1053],[2364,-26],[379,-526],[-1472,-2482]],[[49915,9930],[419,-1860],[1622,59],[261,-702],[-477,-537],[158,-634]],[[51898,6256],[-2001,-3873],[-2068,1089],[-445,725],[-981,-1410],[-227,619],[-1315,26],[-82,1392],[-2163,-1556],[-17,-10],[-646,-318],[-385,-227],[-303,-1999],[-2083,244],[-476,-958],[-373,431],[-577,-258],[173,523],[-595,344],[352,338],[-987,675],[228,957]],[[81105,26313],[-68,-1669],[617,-1176]],[[81654,23468],[-611,-156],[-81,-1505],[642,-1544],[-981,-2153],[1,-8],[726,-2039],[-2347,-1371],[-943,17],[-1557,3406],[-10,8],[-615,1503],[-1809,-1057],[-534,514]],[[72349,24610],[509,-130],[267,1072],[591,45],[-165,-756],[1779,-1328],[-253,-941],[639,-544],[71,-948],[-35,723],[521,67],[1087,2468],[870,5881],[1163,393]],[[79393,30612],[651,-1157],[-117,-1014],[678,-2045],[500,-83]],[[92725,21506],[-1299,-1722]],[[88937,21489],[273,1254],[-1548,1215],[57,1074],[1196,1268]],[[92678,26915],[1083,-2333]],[[88937,21489],[-436,-463],[918,-1159],[1231,650],[776,-733]],[[91426,19784],[-374,-1695],[13,-79],[-775,-767],[-1855,-452],[-1359,-973],[-1168,87],[-368,987],[-627,267],[-1084,-447],[-607,1301],[18,126],[-583,2010]],[[82657,20149],[1702,197],[97,2447],[634,439]],[[85090,23232],[1038,109]],[[86128,23341],[1972,-1832],[837,-20]],[[92725,21506],[-366,246],[341,608],[-591,433],[489,564],[595,-1485],[568,2710]],[[93761,24582],[1552,-2214],[747,-151],[746,-2019],[56,-44],[54,-248],[-1882,-683],[-623,376],[-315,1239],[-50,10],[-341,173],[-980,485]],[[90526,76554],[1085,1377],[1328,418]],[[94899,77662],[385,-1047]],[[95284,76615],[-896,-563],[-984,-2137]],[[93404,73915],[-1091,1124],[-2375,318],[-272,516],[860,681]],[[90526,76554],[613,-941],[857,694],[182,780],[306,-256],[455,1518]],[[92939,78349],[1231,896],[729,-1583]],[[82007,40298],[-1841,93],[-803,1238],[-1540,432],[-475,3536]],[[77348,45597],[-1464,2435],[-2161,810],[1195,909],[-86,1073]],[[96046,59737],[-1060,-2931],[172,-842],[-1842,-2150],[762,-2351]],[[88161,52384],[140,4244]],[[88301,56628],[-47,2656]],[[88198,61270],[386,499],[1399,-646],[214,-556],[661,53],[-217,428],[1008,1122],[1127,-378],[1529,952],[745,-2899],[996,-108]],[[94078,51463],[215,-488],[-939,-2963],[498,-3440],[397,181],[-522,-2548],[-15,-19],[-106,-365],[-3332,-3388],[1752,-2360],[544,-4114],[731,-1624],[142,-1729],[-962,-1283],[197,-408]],[[92678,26915],[-1221,-1226],[123,-387],[-1011,556],[-567,-445],[-1087,887]],[[88915,26300],[-1575,2233],[-194,969],[364,3905],[-1175,-445],[-1084,-1563],[-631,108],[-1121,-868],[-595,887],[-1305,442]],[[81599,31968],[214,2850],[1993,2898],[-1768,706],[-31,1876]],[[82007,40298],[953,1944],[-22,1207],[-879,2904],[-764,934],[265,638],[-399,182],[559,197],[72,597],[-534,152],[432,135],[-761,1564]],[[82468,51980],[1637,-762],[1232,494],[19,-57],[50,10],[53,41],[126,22],[15,-38],[13,7],[83,46],[2465,641]],[[88161,52384],[1231,-2497],[135,-1421],[1435,525],[1087,1461],[2029,1011]],[[81690,58287],[86,-912],[-1007,-1249],[-317,187],[-682,-2175],[1525,-1051],[420,-1154],[753,47]],[[82468,51980],[-333,-250],[-39,-37],[-1167,-941]],[[80929,50752],[-1134,-1510],[-4963,1582]],[[74832,50824],[-1853,1721],[-282,88],[-1812,72],[-882,-905],[-19,-65],[-127,-1063],[-263,109],[-49,7],[-1256,380],[214,544],[-5,39],[-79,444],[-889,181],[5,1006],[-1631,742],[-770,1256],[63,1481],[-795,97],[-55,853],[-535,419],[-1089,-885]],[[62723,57345],[10,811],[5,16],[429,2636]],[[48536,11615],[-243,719]],[[48975,12896],[810,-293]],[[48975,12896],[-25,-687],[-657,125]],[[48293,12334],[283,640],[399,-78]],[[50897,12377],[-1271,-1276]],[[49191,11852],[49,634],[545,117]],[[49785,12603],[1112,-226]],[[49191,11852],[435,-751]],[[49626,11101],[289,-1171]],[[49915,9930],[-1634,199],[387,359],[-132,1127]],[[48536,11615],[655,237]],[[57360,29485],[1728,-2076]],[[59088,27409],[55,-1514],[3343,-227],[92,-548],[1098,-434],[463,420],[-447,-2357],[437,367]],[[64129,23116],[1051,-1389]],[[62157,14491],[-1384,797],[-1984,2441]],[[58789,17729],[1527,1460],[-940,372],[31,1890],[-774,373],[-103,1546],[-1691,81],[-502,-238],[-373,-1138],[-729,-11],[-1311,320],[-92,1416],[-1250,234]],[[81630,76715],[339,-995],[1603,-923],[422,-1302],[-341,-345],[-837,762],[-828,-46],[834,-1469],[-662,-2176],[2406,-1433],[2777,386],[684,-504],[659,529],[1186,-1217],[53,-960]],[[89925,67022],[-757,68],[-39,-1989],[574,-140]],[[89703,64961],[52,-1355],[-445,-315],[-1202,588],[90,-2609]],[[88198,61270],[56,-1986]],[[88254,59284],[-1040,655],[-829,-1130]],[[86385,58809],[-672,-987],[-750,-100],[-939,1097],[-601,-54],[-591,1428],[-1182,-1009],[40,-897]],[[81690,58287],[-2701,-406],[-2007,461]],[[72128,21094],[187,-196],[1062,-1546],[158,-269]],[[73535,19083],[174,-952],[6,-16],[910,-2702],[1027,-1313],[-1127,-779],[-1446,1340],[-1586,229],[-1947,2445],[-7,3]],[[70507,19044],[511,-325],[-413,-1023],[-980,168],[-86,-526]],[[69539,17338],[-966,-473],[-527,-1521],[-482,-192],[1142,-4036],[-1672,542],[-801,-350],[80,983],[-774,-31],[-969,1521],[-1439,-456],[-974,1166]],[[62157,14491],[1375,2086],[1026,-121],[670,652],[2,1721],[1344,-78],[-266,903],[-814,456],[-314,1617]],[[65180,21727],[2170,1334]],[[72349,24610],[-12,-1776],[-623,-1383],[414,-357]],[[72128,21094],[375,-479],[-1996,-1571]],[[70507,19044],[-1015,953],[-227,1089],[934,341],[532,862],[-1043,882],[-1087,50],[-383,-920],[386,92],[-42,-461],[-875,-735],[-488,121],[38,507],[788,446],[-675,790]],[[67350,23061],[901,210],[222,1455]],[[68473,24726],[937,84],[23,616]],[[69433,25426],[-11,584]],[[69422,26010],[-92,1579]],[[69330,27589],[0,107]],[[69330,27696],[-33,2281]],[[69297,29977],[2013,-1212],[1039,-4155]],[[19611,30268],[-138,-848],[-1579,-1490],[-892,-3109],[-2696,-1799],[-600,-161],[432,211]],[[14254,28188],[-81,-530],[-412,1046],[-970,554],[-50,-939],[1105,-470],[-60,-925],[-4,-36],[-648,-1013],[927,-309],[-422,-188],[487,-973],[44,-115],[-510,-642],[478,-576]],[[14138,23072],[-450,-217],[-1186,-1430],[-438,21],[171,347],[-1344,-1085],[-47,91],[433,808]],[[22308,38753],[656,-648],[2801,-312],[528,-358],[98,-945],[-2759,-2384],[-235,-135],[-250,-70],[-29,566],[-91,-487],[92,-128],[198,64],[-3728,-3554]],[[19296,57595],[683,-33],[30,411],[15,28],[719,952],[1791,187]],[[12832,31620],[-1264,-943]],[[10836,34362],[172,-1195],[-719,-1234],[1279,-1256]],[[11568,30677],[-1356,-1288],[-647,1170],[-562,-184]],[[20717,69925],[-768,905],[-1154,165],[-381,-456],[-994,1038],[170,595],[633,77],[-249,3168],[585,1183],[1646,1378],[-623,1004],[-730,34],[-537,1899],[346,205],[3,22],[762,1011],[38,1012],[1187,223],[340,-339],[-92,-1401],[2557,30],[231,-1251],[-341,-2003],[1518,-546],[2051,356],[571,3142],[551,-148],[3320,1718],[-109,-1462],[1088,-1243]],[[7726,42994],[-392,922],[-491,-500],[-823,540],[-118,-531]],[[1690,40520],[-816,1659],[534,1052],[1216,337],[-124,2256],[1005,257],[-13,377],[424,836],[31,131],[806,2201],[736,-738],[1972,1908],[22,73],[96,427]],[[25845,53375],[-1930,93],[91,2668]],[[18368,45669],[-879,693]],[[11300,41963],[-70,1541],[911,1031],[-617,997],[247,1525]],[[17467,45551],[226,-992]],[[16612,43708],[407,2095]],[[18189,47559],[-700,-1197]],[[17489,46362],[-22,-811]],[[17467,45551],[-448,252]],[[17019,45803],[275,1119],[-482,-416],[-613,273],[-752,2406]],[[7197,42865],[330,-120],[12,-3],[131,-38]],[[5902,43425],[170,-622],[1125,62]],[[7197,42865],[-313,-907],[439,-711],[-852,-160],[-211,-1622]],[[4687,39510],[-560,1833],[864,1755],[-588,860],[1157,159],[342,-692]],[[7817,39866],[-452,282],[97,486]],[[8625,40964],[-1049,-386],[-66,43],[-48,13]],[[7462,40634],[741,1262],[-533,808]],[[7670,42704],[56,290]],[[7726,42994],[894,-486],[36,-1205]],[[7817,39866],[464,-74]],[[6157,37752],[-492,274],[638,580],[-43,859]],[[6260,39465],[424,438],[581,-556],[285,276],[33,29],[234,214]],[[7020,38319],[461,-514],[76,564],[11,15],[157,440],[410,-184],[146,1152]],[[8281,39792],[542,7]],[[36107,72744],[1132,727],[1654,-323]],[[7722,26392],[-357,-1311],[1367,-774],[1741,-2041],[615,136],[502,-702],[-313,-93]],[[11277,21607],[-541,-899],[-212,-549],[-3280,-2436]],[[1289,22468],[-902,609],[187,380],[520,-570],[514,114],[149,217],[35,962],[-1046,1298],[-79,972]],[[19032,37004],[-1974,221]],[[13991,43473],[2621,235]],[[16612,43708],[486,81]],[[18698,46540],[-509,1019]],[[18189,47559],[-225,1469]],[[20233,50195],[-295,-2703],[1385,532],[550,-1207]],[[17098,43789],[595,770]],[[17693,44559],[675,1110]],[[18368,45669],[330,871]],[[18698,46540],[1183,-891],[-859,-611],[-36,-959],[-842,-231],[-382,609],[49,-662],[-416,-255],[37,-623],[1008,-972],[16,-2080],[-694,-505],[176,1413],[-1176,1664],[336,1352]],[[10150,51263],[-596,1510],[427,325],[1770,490],[2402,-717]],[[16011,49704],[-564,-519]],[[15447,49185],[-3379,-1831]],[[11325,50702],[514,555],[1562,-492],[-437,1417],[307,333],[319,-411],[563,767]],[[14153,52871],[169,-12],[631,468]],[[10150,51263],[339,-133],[-734,-664],[383,-866],[1187,1102]],[[11325,50702],[-38,-2677],[466,24],[315,-695]],[[12068,47354],[-297,-297]],[[11771,47057],[-2095,-674],[-328,799],[558,1393],[-931,769],[-513,1667],[-883,285]],[[7579,51296],[640,842],[1244,-1261],[687,386]],[[16642,26614],[-2142,-675]],[[19589,30362],[22,-94]],[[19611,30268],[-2506,-3317],[-34,-29],[-429,-308]],[[16642,26614],[-709,1265],[-472,-8]],[[18425,31980],[1164,-1618]],[[15461,27871],[84,-526],[-1045,-1406]],[[14500,25939],[171,951],[2,22],[-419,1276]],[[14254,28188],[-74,126]],[[14867,28672],[594,-801]],[[18086,32214],[339,-234]],[[18425,31980],[-1828,-2373],[-1588,-354],[-142,-581]],[[14867,28672],[-687,-358]],[[14180,28314],[-255,1797]],[[19428,55653],[-51,-1139],[950,-2080]],[[19296,57595],[132,-1942]],[[19428,55653],[-741,-252],[-111,-1019],[-545,-386],[656,-1526],[19,788],[1621,-824]],[[20327,52434],[376,-1185],[-470,-1054]],[[20233,50195],[-2269,-1167]],[[17964,49028],[-161,1795],[-146,-283],[-145,-207],[-156,-113],[-793,68]],[[15647,54438],[1048,3053],[623,202],[158,-844],[522,468],[74,-792],[566,77],[99,804],[559,189]],[[16563,50288],[-552,-584]],[[16011,49704],[-392,2058],[-627,14],[-39,1551]],[[14953,53327],[694,1111]],[[15647,54438],[1152,-367],[-300,-832],[970,-768],[181,-1933],[-1087,-250]],[[27211,66066],[-493,-1032],[-628,502],[-73,1023]],[[4687,39510],[553,-521],[-122,-1337],[400,-703]],[[8077,34350],[411,-715],[857,-231],[-342,-3029]],[[9003,30375],[-771,-1622],[537,-558],[-988,-1352],[3,-12],[-62,-439]],[[7722,26392],[-76,135],[-7,7],[-91,304],[-4,5],[-1988,711],[-2865,-41],[-94,-1998],[-518,-242],[-661,285],[-340,965],[-411,-73]],[[667,26450],[-250,1318],[-417,955],[1454,900],[238,1238],[638,2118],[-986,1093],[-670,1692],[502,1517],[-72,2060],[586,1179]],[[1690,40520],[1315,-674],[689,188],[41,-563],[952,39]],[[9132,36971],[128,-2061],[-640,111],[-543,-671]],[[8077,34350],[-602,-2132],[-1083,2725],[-1311,-527],[202,1372],[-962,502],[738,694],[340,-493],[119,458]],[[5518,36949],[639,803]],[[6157,37752],[863,567]],[[7020,38319],[544,-1385],[14,-2],[718,-317],[538,551]],[[24688,45175],[-1646,-1239],[-1048,-2575],[314,-2608]],[[22308,38753],[-2224,7],[-1052,-1756]],[[19032,37004],[-540,341],[455,285],[-358,1558],[701,774],[322,1319],[-80,1901],[2130,2019],[211,1616]],[[21873,46817],[1577,1845],[222,663],[-325,629],[382,-224],[352,557]],[[31283,50298],[-465,-2012],[631,-1152],[-942,-442],[-257,-851],[268,-2986],[1166,-808],[-458,-1071],[-1414,-494],[-3132,1875],[-1213,2413],[-779,405]],[[24688,45175],[284,1612],[1065,-872],[-65,1069],[-560,522],[497,484],[-354,989],[-1007,359],[-467,949]],[[24081,50287],[1201,1022],[563,2066]],[[25845,53375],[2360,-61],[1942,-1513],[13,-2],[1069,-993]],[[29433,68441],[352,-570],[-409,-1157],[1631,-1301],[-215,-1156],[1125,-187]],[[26696,64220],[956,1023],[84,500],[-525,323]],[[27211,66066],[-1194,493]],[[26017,66559],[-885,-901]],[[22493,63082],[-1629,2158],[-369,2009],[419,354],[-197,2322]],[[20717,69925],[3639,760],[848,1401]],[[15564,33318],[-948,-2840],[-691,-367]],[[13925,30111],[-1125,721],[32,788]],[[12832,31620],[-1706,2493]],[[17058,37225],[-584,-3930],[720,576],[786,-100],[106,-1557]],[[18086,32214],[-1180,497],[-567,-588],[-775,1195]],[[15564,33318],[-144,501],[604,442],[-491,293],[66,690],[-672,-1136],[-305,169],[-3,-555],[-345,293],[286,729],[-692,-768],[-49,-1448],[-305,828],[-1033,-39],[288,1137],[-1643,-341]],[[11126,34113],[-290,249]],[[10836,34362],[318,1244],[-1182,372],[-840,993]],[[9132,36971],[-298,195]],[[8834,37166],[-11,2633]],[[8823,39799],[-198,1165]],[[8625,40964],[31,339]],[[8656,41303],[2644,660]],[[11300,41963],[2691,1510]],[[13991,43473],[-711,-1363],[356,-1416],[1367,-1692],[-63,-1674],[596,-557],[724,695],[798,-241]],[[36107,72744],[-1623,-2881],[-9,-6],[-267,-485],[-400,478],[-808,-1031],[-1169,749],[37,669],[-450,244],[-384,-928],[-556,339],[-1045,-1451]],[[29433,68441],[-892,381],[-40,899],[-266,-305],[-263,673],[-546,-122],[-287,1409],[-676,63],[-313,-1019],[-90,499],[-955,334],[99,833]],[[25204,72086],[940,2353],[967,13],[836,-800],[517,217],[1571,2921],[-296,604],[1048,15],[331,1611],[1218,1221]],[[32336,80241],[1404,-300],[481,-2458],[-580,-2942],[824,-60],[7,2],[630,-42],[163,-974],[842,-723]],[[25132,65658],[267,-526],[-319,-514],[1616,-398]],[[26696,64220],[1872,-1341],[663,72],[1136,-1543],[1567,530],[-17,2132]],[[31917,64070],[905,397],[561,-545],[670,-3025],[-428,-1045],[1110,-1789]],[[33286,56453],[-1146,55],[-1354,1503],[-84,64],[-451,-14],[-4,-5],[-114,-125],[-9,-13],[-182,-1292],[-867,-364],[-1824,-47],[-1442,1365],[-1454,-725],[108,-520],[-457,-199]],[[24006,56136],[-852,2702],[-620,302]],[[22534,59140],[624,1032],[-566,195],[488,352],[-587,2363]],[[22493,63082],[405,73],[-65,699],[1353,23],[-246,441],[436,631],[-369,997],[767,399],[358,-687]],[[5185,12699],[-1561,-2658]],[[2277,11041],[1040,-33],[-247,-367],[554,-600]],[[3624,10041],[104,-3368],[-330,-661],[-456,85],[-299,1188],[387,1155],[-1136,2038],[125,855]],[[7244,17723],[-1490,-2209],[223,-1221],[-792,-1594]],[[5185,12699],[-1254,-337],[-26,-1064],[-523,308],[-25,20],[-285,549],[-705,-16]],[[1793,14911],[293,849],[6,530],[-272,182],[-916,-998],[-711,491],[288,1045],[1414,54],[839,469],[181,373],[-44,437],[-1430,1149],[392,1800],[-69,423],[-98,230],[-377,523]],[[1289,22468],[1976,2211],[11,-1],[588,-454],[6,-9],[1315,-593],[-365,-450],[714,-443],[-236,-1837],[863,-1214],[752,-211],[-326,-671],[657,-1073]],[[2367,12159],[-90,-1118]],[[2277,11041],[-258,292]],[[2019,11333],[-265,1267],[-1022,19],[-47,791],[1108,1501]],[[1793,14911],[501,-540],[2,-810],[643,224],[-827,-1279],[255,-347]],[[45435,48490],[-673,-340],[-28,7],[308,955],[-208,-344],[-216,332],[-355,-55]],[[45036,49805],[-160,-731],[-382,302],[-266,-240]],[[44527,50650],[-387,-1103]],[[45454,49431],[-263,-194],[-155,568]],[[45036,49805],[-24,475]],[[45646,48745],[-192,686]],[[45454,49431],[303,425]],[[45378,50562],[-366,-282]],[[45012,50280],[-324,111]],[[45460,51287],[-558,667],[216,553]],[[44876,52499],[-189,-781],[-5,-10],[6,-1317]],[[44688,50391],[-161,259]],[[44527,50650],[-330,325]],[[44168,52040],[29,-1065]],[[44197,50975],[-520,-488]],[[43261,50725],[649,974],[24,131],[-5,290]],[[45579,52653],[-461,-146]],[[45118,52507],[-242,-8]],[[44876,52499],[-105,573],[-603,-1032]],[[44168,52040],[-239,80]],[[43929,52120],[-592,508]],[[43337,52628],[-482,-909],[-12,-19],[-31,-58]],[[42336,52599],[403,475]],[[42909,52988],[-98,-692],[-320,228],[-9,7],[-139,61]],[[41845,52448],[491,151]],[[42336,52599],[7,-7]],[[42343,52592],[54,-872],[-32,-22],[-115,-5],[-84,141]],[[41845,52448],[105,-532]],[[41770,52985],[75,-537]],[[41579,52642],[362,-942],[37,-20]],[[42166,51834],[-99,-161],[340,-300],[93,102],[-14,23],[326,144]],[[42006,51294],[-28,386]],[[41978,51680],[12,20],[6,21],[-46,195]],[[41950,51916],[216,-82]],[[45694,54973],[-475,-345]],[[44799,55633],[420,-1005]],[[45219,54628],[-767,-618]],[[44369,55332],[-279,-737]],[[44452,54010],[-632,-668]],[[43319,54230],[771,365]],[[44090,54595],[362,-585]],[[39844,46050],[12,824]],[[39707,47466],[-255,690],[-573,-381]],[[40590,47498],[-734,-624]],[[39856,46874],[-149,592]],[[39707,47466],[479,311],[-346,355],[14,16],[331,148]],[[46537,51547],[199,1569]],[[46537,51547],[130,-353]],[[45987,51224],[2,491],[6,17],[-62,676]],[[46155,52490],[263,-769],[4,-30],[115,-144]],[[46667,51194],[434,-12]],[[46713,50200],[-605,-87]],[[45924,51177],[63,47]],[[45987,51224],[665,-763],[15,733]],[[45924,51177],[-71,-579],[-7,5],[262,-490]],[[46108,50113],[-252,-256],[-12,-2],[-87,1]],[[45757,49856],[-379,706]],[[45378,50562],[82,725]],[[45460,51287],[464,-110]],[[46510,53354],[-355,-864]],[[46155,52490],[-222,-82]],[[45933,52408],[-90,60],[-264,185]],[[45579,52653],[634,947]],[[41778,55760],[449,-475],[-318,-255]],[[42092,53585],[-149,-137]],[[41220,54614],[689,416]],[[41909,55030],[265,-617]],[[43204,54752],[115,-522]],[[43319,54230],[187,-921],[314,33]],[[43820,53342],[-483,-714]],[[43337,52628],[-428,360]],[[42909,52988],[-170,86]],[[42739,53074],[-647,511]],[[42092,53585],[913,737],[-514,180],[-9,2],[-308,-91]],[[42174,54413],[652,683],[-256,367]],[[42871,56907],[573,-595]],[[42718,55343],[-148,120]],[[42570,55463],[-89,59],[-703,238]],[[41778,55760],[154,1346]],[[43711,56311],[617,564]],[[45501,56134],[-357,-128]],[[44572,56818],[-244,57]],[[44328,56875],[-589,545]],[[44572,56818],[572,-812]],[[45144,56006],[-345,-373]],[[44799,55633],[-430,-301]],[[44369,55332],[-684,-344]],[[43879,56136],[655,-461],[38,1143]],[[42718,55343],[726,969]],[[43444,56312],[267,-1]],[[43711,56311],[168,-175]],[[43879,56136],[-194,-1148]],[[43685,54988],[-481,-236]],[[43204,54752],[-486,591]],[[43944,48510],[-146,-1427],[529,1471]],[[44400,48447],[158,-292],[5,-5],[258,-703]],[[43261,50725],[416,-238]],[[43677,50487],[79,-131]],[[42335,50874],[151,224],[32,49],[294,495]],[[42812,51642],[449,-917]],[[42776,50023],[980,333]],[[43756,50356],[81,-357]],[[42776,50023],[-155,-185]],[[42335,50874],[140,-71],[24,-18],[277,-762]],[[44140,49547],[88,-411]],[[44228,49136],[35,-91]],[[44263,49045],[137,-598]],[[44400,48447],[-73,107]],[[44327,48554],[-178,426],[-205,-470]],[[43944,48510],[-459,346]],[[43418,49174],[419,825]],[[43837,49999],[303,-452]],[[43418,49174],[67,-318]],[[43485,48856],[22,-599],[-401,-109],[-8,-5],[-588,-321],[-135,-60],[-366,-513]],[[42094,49566],[527,272]],[[42621,49838],[488,-256],[-368,-464],[677,56]],[[41837,50108],[-76,-132]],[[41645,51189],[-404,-398]],[[40779,51122],[142,519]],[[41297,51726],[61,-28],[531,-333]],[[42006,51294],[329,-420]],[[42335,50874],[-498,-766]],[[41837,50108],[-520,-48],[328,1129]],[[41645,51189],[186,-280],[58,456]],[[41889,51365],[117,-71]],[[40400,51610],[307,-375],[-489,70],[475,-353]],[[41241,50791],[-149,-895]],[[40554,50398],[139,554]],[[40693,50952],[86,170]],[[40779,51122],[462,-331]],[[41553,52569],[-256,-843]],[[41297,51726],[-7,-37],[-369,-48]],[[40921,51641],[11,52],[-2,6],[-479,0],[-5,-10],[-46,-79]],[[40400,51610],[-369,173]],[[39842,50913],[201,-41]],[[40176,48665],[-1467,-371]],[[40554,50398],[538,-502]],[[41092,49896],[304,-536]],[[40293,48707],[234,467],[-714,1271],[230,427]],[[40043,50872],[511,-474]],[[37282,46402],[445,-471]],[[37311,45166],[212,330]],[[38203,48659],[506,-365]],[[38709,48294],[39,-21]],[[37592,46410],[-310,-8]],[[37282,46402],[-551,-58]],[[37201,47372],[38,-285]],[[38879,47775],[258,-909]],[[38569,46985],[-453,159],[-524,-734]],[[37592,46410],[-353,677]],[[37239,47087],[1049,399],[460,787]],[[38748,48273],[131,-498]],[[38189,48670],[-267,-537],[18,-35],[-55,79],[-161,-11],[16,-155],[-539,-639]],[[37201,47372],[-470,-1028]],[[36731,46344],[-219,-292]],[[42094,49566],[-367,-1423],[-3,-4],[-23,-42]],[[41054,48841],[342,519]],[[41396,49360],[365,616]],[[41761,49976],[333,-410]],[[40683,47810],[-498,486]],[[40185,48296],[-9,369]],[[40176,48665],[117,42]],[[40293,48707],[761,134]],[[41054,48841],[353,-334],[-290,-355]],[[41701,48097],[308,-848]],[[42009,47249],[27,-901]],[[40162,45605],[428,1893]],[[40590,47498],[93,312]],[[40683,47810],[428,325],[6,17]],[[41117,48152],[40,0],[7,-23],[189,-355],[348,323]],[[40841,46628],[-278,417],[352,567],[343,-489],[-417,-495]],[[41949,53409],[-179,-424]],[[41770,52985],[-191,-343]],[[41579,52642],[-26,-73]],[[41553,52569],[-701,-69]],[[40659,53329],[193,-829]],[[40852,52500],[-583,71],[-238,-788]],[[40031,51783],[-189,-870]],[[39842,50913],[-1028,-2176],[-611,-78]],[[38203,48659],[-14,11]],[[38189,48670],[-683,565]],[[18929,24376],[262,3298],[891,64],[2130,2585],[1570,-672],[421,448]],[[18937,22324],[-13,510],[-213,-39],[-179,-215],[98,286],[299,1510]],[[18929,24376],[1043,-947],[-168,-462],[693,215],[-304,1247],[385,1549],[518,163],[232,-925],[399,197],[-55,959],[2027,425],[765,1650],[-65,426],[-530,-46],[724,519]],[[20915,20982],[78,1679],[1110,900],[-549,-2984]],[[54572,35426],[-335,-4315],[513,-610],[1012,1163],[874,-629],[29,-812],[1029,-16],[-334,-722]],[[57360,29485],[-1028,89],[182,-1153],[-291,-248],[-4062,-675]],[[40008,29962],[809,1158]],[[40762,31692],[-560,188]],[[41689,31478],[-872,-358]],[[40817,31120],[-55,572]],[[40762,31692],[372,935],[395,-199]],[[30569,21514],[-348,443]],[[30221,21957],[-289,845]],[[30853,24233],[659,-787],[183,-1302],[-454,-549],[-611,1259],[-409,-897]],[[29582,21601],[532,-295]],[[26173,22836],[899,1191],[-682,747],[86,626]],[[30853,24233],[-921,-1431]],[[29932,22802],[-455,-213]],[[29189,23464],[407,134],[-938,939]],[[31248,24841],[-395,-608]],[[29189,23464],[288,-875]],[[29477,22589],[105,-988]],[[29582,21601],[-874,984],[-79,693],[560,186]],[[42146,30671],[-457,807]],[[49386,29113],[403,193]],[[52161,27498],[-536,-496]],[[50418,26722],[-727,231],[491,1039],[-449,66],[56,1248]],[[49789,29306],[1909,-804],[463,-1004]],[[48520,27877],[-706,-415],[-324,-877],[438,-223]],[[47810,29476],[1042,3]],[[49386,29113],[-290,-1379],[-576,143]],[[48520,27877],[332,1602]],[[48852,29479],[534,-366]],[[37022,25597],[1264,-797],[790,328],[1037,-590]],[[38802,19681],[-1458,-420],[95,-1190],[406,-117],[-191,-672],[-546,-111],[503,-458]],[[32568,19454],[312,1083],[1284,275]],[[36211,24790],[-41,-1763],[600,-6],[-326,-1716],[318,-1822],[-937,-284],[91,899],[-1261,99],[-491,615]],[[34164,20812],[528,484],[-492,1884],[-974,709],[-582,-1108],[-34,558],[-1127,594],[-235,908]],[[31248,24841],[-888,1848]],[[29871,19242],[408,640],[-435,340],[165,441]],[[30975,21074],[591,-271],[324,-980]],[[32568,19454],[1613,-1158],[-470,-915]],[[32480,19463],[88,-9]],[[32480,19463],[-744,-453],[125,-1126],[-328,153],[-8,8],[-6,-12],[-451,-768]],[[30655,18031],[66,65],[548,1156],[-306,387],[927,184]],[[31890,19823],[590,-360]],[[30975,21074],[-670,-641],[-296,230]],[[30009,20663],[105,643]],[[30114,21306],[455,208]],[[30569,21514],[215,238],[191,-678]],[[31133,30611],[-32,28]],[[42587,32258],[-898,-780]],[[41689,31478],[-160,950]],[[41529,32428],[35,208]],[[36286,47606],[-240,-1033],[466,-521]],[[36512,46052],[592,-476]],[[31187,49794],[1812,1139],[2628,-843],[309,-1904]],[[37104,45576],[207,-410]],[[37311,45166],[292,-311]],[[36956,44504],[241,604],[-505,567],[412,-99]],[[36956,44504],[458,-271],[189,622]],[[37603,44855],[226,-262]],[[41281,37050],[-965,635],[-834,-612],[-466,483],[219,324],[-2935,1665]],[[31102,40458],[834,1335],[-216,893],[-1106,974],[-214,1979],[175,905],[1043,517],[-671,1043],[240,1690]],[[31187,49794],[634,-305],[512,-1391],[2,-7],[-31,-8],[-10,15],[-25,-2],[-3,-2],[-137,-1115],[460,-65],[61,-989],[967,208],[-133,614],[905,-1116],[306,762],[846,-915],[186,768],[476,-1551],[753,-191]],[[34810,8872],[1919,1394],[1577,-2498],[235,-853],[-605,-571],[-1009,-3334]],[[36927,3010],[-458,243],[-331,-657],[-760,259],[-775,-566],[-306,762],[-1046,-432],[-290,940],[-100,-444],[-826,-5],[8,424],[-817,37],[-1193,1316],[-466,-1144],[-1874,-90],[-533,562],[127,889],[588,3492],[-32,787],[-1072,1287],[1154,467]],[[44475,22978],[464,1802],[-571,760],[41,1151]],[[46249,23791],[248,398],[-386,530],[507,1053],[-713,587],[-29,20],[-49,344]],[[52582,24034],[-575,-1662],[-1002,387],[-860,-1872],[-846,-553],[-487,778],[-1028,39],[-516,-584],[-1356,722],[-6,1],[-495,259]],[[44809,22023],[133,606],[676,114],[-36,980],[320,95],[8,-3],[339,-24]],[[46249,23791],[897,513],[-394,-531],[789,-450],[1104,787],[34,529],[-1393,-168],[126,751],[488,98],[-1039,867]],[[47221,26208],[707,154]],[[47928,26362],[2490,360]],[[50418,26722],[1207,280]],[[51625,27002],[72,-2514],[885,-454]],[[44885,20371],[-518,-810],[673,-130],[377,-1291],[1215,-812],[-425,-1969]],[[46207,15359],[-3787,217],[-913,2451],[-2129,795],[-576,859]],[[38802,19681],[68,915],[1723,1518],[-254,874]],[[44475,22978],[334,-955]],[[44809,22023],[414,96],[188,-570]],[[45411,21549],[-526,-1178]],[[44885,20371],[-309,1341],[-532,-139],[-165,421],[-411,-417],[-105,-1229],[-678,610],[-11,798]],[[43625,23437],[223,-636],[159,418],[468,-241]],[[43625,23437],[-556,-699]],[[41643,22774],[-1304,214]],[[40339,22988],[-591,502],[365,1048]],[[40113,24538],[2438,-558],[11,-4],[542,176],[521,-715]],[[42674,21756],[-1302,701],[271,317]],[[41643,22774],[1027,-202],[161,591],[238,-425]],[[43069,22738],[214,-763],[-609,-219]],[[42721,33468],[-633,187],[-524,-1019]],[[41564,32636],[-855,313],[-507,-1069]],[[40202,31880],[-626,-666]],[[39241,33155],[645,-78],[358,1178],[1834,1914]],[[46670,38778],[-578,363],[-19,1045],[-1220,-1032],[1074,-338],[-242,-348],[427,-111],[-24,-675],[1330,-386]],[[49419,36849],[-803,-885],[-1022,-260],[547,-1425],[-1797,-1914]],[[43353,33827],[117,791],[-544,222],[-574,1414]],[[51602,45294],[984,-1816],[569,-194],[-178,-1084],[361,-730],[2967,-1964],[98,-1962],[850,-1870],[-1557,-525],[-1124,277]],[[54572,35426],[302,621],[-1025,1535],[-1480,-404],[-326,-641],[-32,502],[-1242,543],[-504,-666],[-846,-67]],[[49419,36849],[5,1136],[-671,-769],[-1335,80]],[[47418,37296],[194,751],[-942,731]],[[46670,38778],[154,2026],[-527,0],[936,1199],[-366,839],[-481,-357],[489,1033]],[[44323,26886],[-245,-445],[-809,48],[-873,1955]],[[42485,29295],[71,-347],[-50,-23],[-196,-329]],[[41660,29996],[486,675]],[[42146,30671],[1478,170]],[[43945,29476],[-550,29],[-126,-629],[-418,984],[-366,-565]],[[42485,29295],[-343,674],[391,145],[15,35],[1076,692]],[[43624,30841],[553,-401]],[[36300,39545],[-1744,-4669],[-876,-1388],[-735,939],[-1844,-3788]],[[28498,33940],[227,1597]],[[31554,38743],[1225,1145],[-395,1385],[730,1568],[1143,-152],[445,-779],[1513,25],[-991,-2094],[1076,-296]],[[31102,40458],[452,-1715]],[[31554,38743],[-1083,-1297],[1131,-917],[-1830,-73],[-382,-785],[-665,-134]],[[28725,35537],[-385,1505],[-2732,1923],[-2065,170],[-942,635],[-164,952],[980,2447],[1126,1212],[1105,-1816],[3517,-2339],[1937,232]],[[31101,30639],[-945,-1818],[1057,-1347],[-853,-785]],[[30360,26689],[-1702,-2152]],[[28658,24537],[-1026,-196],[-1156,1059]],[[26476,25400],[-118,507],[-399,-385],[-59,729],[-803,298],[158,1904],[-662,893]],[[24593,29346],[-390,753]],[[24203,30099],[4295,3841]],[[28498,33940],[511,-276],[-405,-667],[445,-23],[-270,-2047],[2322,-288]],[[44235,31108],[188,231]],[[46531,32142],[342,-568]],[[35924,30936],[-143,1070]],[[39241,33155],[23,-1658]],[[37785,31465],[-103,624]],[[37810,33300],[1431,-145]],[[36958,33521],[852,-221]],[[37810,33300],[480,-695],[-312,-444]],[[37978,32161],[-296,-72]],[[37682,32089],[-287,545],[-237,-1167],[-398,159],[128,408],[-703,-355],[-404,327]],[[35781,32006],[-63,432],[1240,1083]],[[36958,33521],[1020,-1360]],[[39264,31497],[312,-283]],[[39576,31214],[487,-702],[-201,-457]],[[37757,29990],[-264,1259],[292,216]],[[37785,31465],[417,391],[1062,-359]],[[40025,26421],[-3003,-824]],[[37022,25597],[-25,0]],[[40008,29962],[1652,34]],[[41660,29996],[650,-1400]],[[42310,28596],[86,-152]],[[42396,28444],[-2371,-2023]],[[40025,26421],[-466,1492],[-1115,-617],[-78,759],[472,-17],[-317,884]],[[39137,29980],[725,75]],[[39862,30055],[146,-93]],[[37757,29990],[1380,-10]],[[39137,29980],[314,-724],[-930,-334]],[[38521,28922],[-103,402],[-83,-784],[-756,139],[-128,565],[-493,-278],[859,-1127],[321,187],[-1141,-2429]],[[36997,25597],[-786,-807]],[[36211,24790],[-172,-442],[-1483,1898],[-1050,10],[-822,2242],[-917,494],[-634,1619]],[[31133,30611],[2139,-20],[1906,-1428],[553,1449],[-260,202],[453,122]],[[35924,30936],[1833,-946]],[[45822,26731],[-179,-631],[-550,-123],[-684,714]],[[44409,26691],[-86,195]],[[44323,26886],[-213,1728],[325,614],[-490,248]],[[43945,29476],[-182,676],[414,288]],[[44177,30440],[32,-7]],[[47810,29476],[-589,-3268]],[[47221,26208],[-360,-21]],[[46861,26187],[-1034,536]],[[45827,26723],[-5,8]],[[45822,26731],[-101,1055],[191,289],[-203,-153],[-201,-377],[-630,1226]],[[46494,30203],[1316,-727]],[[46494,30203],[-1102,-1012],[-381,312],[-133,-732]],[[44878,28771],[-669,1662]],[[44209,30433],[26,675]],[[44235,31108],[1555,-287],[1083,753]],[[46873,31574],[324,-685],[-703,-686]],[[44005,31874],[-529,159],[-137,736],[-752,-511]],[[42587,32258],[-43,87],[-6,13],[-7,183],[25,-5],[165,932]],[[42721,33468],[632,359]],[[43353,33827],[1661,311],[673,-611]],[[49193,46163],[-2318,-2645]],[[46875,43518],[-670,-390],[-1412,547],[-794,-688],[-813,-2423],[182,-1422],[-1016,-2888]],[[42352,36254],[-274,-85]],[[42078,36169],[-797,881]],[[41281,37050],[571,55],[-423,680],[-2,2167],[-1813,3046]],[[40193,45578],[968,862],[875,-92]],[[42036,46348],[872,507],[383,-1322],[1530,1914]],[[44821,47447],[373,703],[6,11],[235,329]],[[45435,48490],[211,255]],[[45646,48745],[971,1236]],[[18937,22324],[-9,-26],[-14,-40],[9,-347],[14,8],[1978,-937]],[[20915,20982],[639,-405]],[[21554,20577],[343,-524],[1655,675],[2621,2108]],[[26173,22836],[2127,84],[1007,-2581],[-515,-710],[590,397],[489,-784]],[[29871,19242],[102,-427]],[[26932,12751],[-554,-831],[-1115,364],[-548,420],[-8,3],[-1789,1233],[-4,9],[-105,22],[-7,-29],[-235,-532],[-896,514],[-62,40],[2,-23],[10,-64],[-278,-103],[-108,168],[-196,-12],[-7,-2],[-766,-866],[-1258,-312],[-36,-39],[-127,-98],[-476,-44],[532,670],[-751,664],[3,13],[148,425],[-5,56],[169,1747],[-1805,381],[-2400,2102],[2433,1686],[1735,2595],[114,-25],[-84,-94],[37,-277],[287,240],[155,-428]],[[46344,32365],[187,-223]],[[46531,32142],[-1339,-971],[-769,168]],[[44423,31339],[-418,535]],[[44005,31874],[1580,796],[102,857]],[[45687,33527],[657,-1162]],[[29973,18815],[671,-768],[11,-16]],[[30655,18031],[413,-766]],[[31068,17265],[2643,116]],[[33711,17381],[2425,211],[746,-839],[729,-40]],[[37611,16713],[-797,-2021],[-2099,-1934],[731,-630],[-1499,-1805],[863,-1451]],[[34810,8872],[-950,-783],[-2036,-279],[-1059,655],[-1622,2178],[-1218,494]],[[27925,11137],[205,518],[-1040,-73],[220,480],[-378,689]],[[26932,12751],[-33,1071],[-495,285],[238,1578],[-297,837],[564,2],[-592,373],[624,-134],[230,927],[517,-447],[-313,764],[-9,29],[-30,593],[197,-512],[46,-111],[584,-961],[249,624],[910,-388],[12,729],[19,16],[21,19],[21,-44],[3,8],[11,22],[169,832],[395,-48]],[[32556,11579],[363,-1034],[-497,222],[-350,-1352],[-399,-15]],[[32556,11579],[-896,-502],[13,-1677]],[[31673,9400],[-147,787],[-755,188],[107,579]],[[31520,11442],[-214,647],[364,-329],[229,1128],[534,-503],[-364,-470],[595,318],[551,-357],[-659,-297]],[[31520,11442],[-180,-798],[-462,310]],[[30878,10954],[-850,39],[364,682],[-236,608],[505,-367],[251,575],[256,-1072],[352,23]],[[52467,63814],[-493,-1623]],[[51974,62191],[-111,-351]],[[51863,61840],[-934,-3106]],[[50929,58734],[-145,-572],[1,-62],[58,-732],[1521,537]],[[52364,57905],[-154,-1437]],[[54944,52143],[142,-997],[-993,-1579],[821,79]],[[54914,49646],[-569,-1459],[-16,-31],[-758,-145],[243,-1177],[-643,-1320],[-1569,-220]],[[51602,45294],[-1734,605]],[[50843,50194],[155,-1933],[-1130,-2362]],[[49868,45899],[-675,264]],[[49193,46163],[-1833,2567],[102,659]],[[49048,49693],[189,-582],[212,460],[353,-198],[-60,457]],[[50843,50194],[-60,135]],[[49510,50646],[-663,-159],[390,-320],[-189,-474]],[[49048,49693],[-1004,-512],[-37,1090]],[[49934,53826],[909,-3632]],[[50783,50329],[-1041,-499]],[[49742,49830],[-232,816]],[[49510,50646],[-175,540],[703,285],[-177,-657],[922,-485]],[[49934,53826],[-789,-823]],[[46682,55740],[753,412]],[[49737,57048],[561,-1602],[-364,-1620]],[[49705,58189],[32,-1141]],[[49737,57048],[-1281,-385],[249,-690],[-479,-381],[-726,75],[-65,485]],[[47435,56152],[450,386],[-210,749]],[[46513,56770],[-681,-296]],[[49705,58189],[-2030,-902]],[[47675,57287],[-349,-154]],[[47062,57773],[-298,302]],[[48888,60224],[649,-721],[168,-1314]],[[46513,56770],[-175,707],[724,296]],[[47062,57773],[264,-640]],[[47326,57133],[-813,-363]],[[48888,60224],[-461,-229],[138,-1035],[-1807,-810],[30,-42],[-24,-33]],[[46764,58075],[-185,56],[-20,4],[-479,553]],[[48162,60359],[726,-135]],[[57227,66051],[-683,111]],[[56544,66162],[-785,76],[-1574,1291]],[[59240,67089],[39,993]],[[65876,61933],[-1213,1129],[-583,-2038],[-862,335],[-51,-551]],[[63167,60808],[-984,-63],[-15,-2],[-235,-29]],[[61933,60714],[-197,25],[-24,12],[-80,39],[-20,11],[-641,287]],[[60971,61088],[-352,591]],[[60619,61679],[453,788],[-716,494],[43,1488],[-924,380]],[[59475,64829],[-1622,972]],[[57853,65801],[-626,250]],[[57227,66051],[131,1015],[660,599],[1222,-576]],[[59240,67089],[783,289],[770,3371]],[[59279,68082],[-640,30]],[[59681,70671],[-402,-2589]],[[58419,71124],[325,-1789],[471,-364],[-847,-174]],[[58010,69405],[358,-608]],[[58368,68797],[271,-685]],[[58639,68112],[-479,213]],[[56708,68469],[-238,-477],[-1201,368]],[[58160,68325],[-1452,144]],[[56708,68469],[472,661],[710,-171],[270,-634]],[[57915,70748],[95,-1343]],[[58010,69405],[-267,260],[92,-643],[-617,278],[-8,1],[-324,39],[124,1662]],[[42812,56880],[-880,226]],[[41932,57106],[-824,-427]],[[54163,67558],[22,-29]],[[54185,67529],[301,-2901],[-691,-1352]],[[53795,63276],[-429,175]],[[53366,63451],[-899,363]],[[52467,63814],[-1300,214],[431,1241],[-2168,2387]],[[49430,67656],[-1346,-2646],[-634,264],[-587,-700],[582,-2552]],[[44234,61388],[-1163,326],[-1371,-3070],[-1300,-831]],[[45274,72099],[-276,-1013],[341,-629],[241,382],[-201,-688],[-484,-12],[951,-711],[-602,-896],[35,-882],[3246,729],[349,789],[904,-279],[-348,-1233]],[[38856,62818],[493,-2016],[77,-132],[974,-2857]],[[40400,57813],[441,-497],[-989,-789],[-13,-833]],[[39419,55722],[-245,-94]],[[35457,58149],[1633,1051],[-564,411],[-119,1175],[1156,1584],[-231,1813],[344,434]],[[39174,55628],[-172,-1295],[-525,-1145],[-1162,-474],[829,-2746],[-638,-733]],[[37506,49235],[-566,-1460],[-654,-169]],[[36286,47606],[-350,580]],[[35936,48186],[-112,1604],[-94,345],[-286,273],[-2370,653],[-1791,-763]],[[31283,50298],[-54,508]],[[31229,50806],[550,950],[2204,322],[556,737],[20,6],[-15,327],[-9,12],[4,735],[1,33],[-4,83],[-3,34],[10,8],[-4,38],[0,78],[10,32],[-2,53],[-11,25],[-706,132],[-892,1240],[348,802]],[[33286,56453],[1009,1656],[440,-46]],[[34735,58063],[722,86]],[[35457,58149],[154,-488],[508,-1245],[277,446],[2774,-851],[4,-383]],[[46228,73924],[-954,-1825]],[[45274,72099],[-834,-777],[-383,-1425],[-1077,-489],[-197,-1831],[509,-1488],[-2660,-1560],[-1070,240],[-706,-1951]],[[38856,62818],[-995,73],[-185,1726]],[[37676,64617],[-1091,1860],[690,2289],[610,21],[-182,1166],[1471,252],[-281,2943]],[[38893,73148],[1495,-376],[109,-24],[3052,5364],[1653,162],[1660,-1084],[528,801],[-157,866],[581,-628]],[[49145,53003],[-1080,-275],[-138,-533],[613,-492],[-533,-1432]],[[48007,50271],[-545,-882]],[[47462,49389],[-845,592]],[[46617,49981],[96,219]],[[46713,50200],[388,982]],[[47101,51182],[259,537],[41,57],[-665,1340]],[[46736,53116],[-226,238]],[[46510,53354],[-297,246]],[[46213,53600],[-405,230],[-114,1143]],[[45694,54973],[-6,39]],[[46008,55233],[451,-715],[251,516],[605,-61],[625,-1166],[1220,-62],[-15,-742]],[[46080,58688],[127,-552],[0,-8],[-125,-582],[-932,-330],[682,-742]],[[45832,56474],[850,-734]],[[46682,55740],[-674,-507]],[[46008,55233],[-320,-221]],[[45688,55012],[-187,1122]],[[45501,56134],[53,505],[-924,720]],[[45042,59737],[1062,53],[-24,-1102]],[[47445,62022],[546,-1298],[2,-8],[169,-357]],[[48162,60359],[-835,-575],[-1226,314],[-1059,-361]],[[45042,59737],[303,-1484],[-266,-837],[-546,629],[97,-686]],[[44630,57359],[-891,61]],[[43739,57420],[-868,-513]],[[42871,56907],[-59,-27]],[[42812,56880],[140,1168],[56,357],[942,935],[-223,1106],[507,942]],[[44234,61388],[194,1408],[100,-649],[1917,-902],[-211,491],[380,590],[352,-905],[479,601]],[[79126,80222],[1969,-1009],[1031,241]],[[82126,79454],[485,-1080]],[[82611,78374],[-981,-1659]],[[81630,76715],[-2827,-42],[-2130,1376],[-375,-296]],[[58552,80819],[760,-229],[191,-926],[425,-28],[615,178],[10,927],[850,90],[510,1291],[2340,2377],[315,-580],[1031,1741],[2849,249],[104,47],[461,-1040],[891,-16],[10,-4],[632,-289],[376,1199],[455,-195],[813,1653],[1263,-1319],[3508,-3723],[68,-908],[2097,-1092]],[[53980,80385],[-628,-376]],[[52827,81064],[285,578],[869,-19]],[[52722,79836],[630,173]],[[53352,80009],[196,-1597]],[[61133,73802],[471,-2805],[44,-23],[705,-630],[-375,-649],[-327,173],[-37,18],[-821,863]],[[60793,70749],[-1112,-78]],[[59681,70671],[-600,24],[-72,582],[-590,-153]],[[58419,71124],[-504,-376]],[[57915,70748],[-905,254]],[[57010,71002],[-1328,47],[-659,-1813],[246,-876]],[[55269,68360],[-1106,-802]],[[54163,67558],[-659,235],[-1411,2330],[-1680,1208],[-173,1013]],[[57961,77821],[1023,-1000],[1223,-228],[480,-764]],[[53008,56895],[914,-521]],[[53922,56374],[155,-54]],[[54077,56320],[501,-543],[253,301]],[[54831,56078],[196,234]],[[55027,56312],[484,-1438],[620,362],[464,-420],[79,397]],[[56674,55213],[423,-843],[538,2]],[[57635,54372],[-108,-649]],[[57527,53723],[-114,-901],[-952,-985],[-1517,306]],[[54944,52143],[-882,174],[-847,-757],[-969,711],[582,892],[-976,1678],[198,604],[-503,338],[663,685]],[[52210,56468],[422,633],[376,-206]],[[52722,79836],[-123,-1541]],[[50896,78917],[616,-19],[344,1160],[971,1006]],[[52827,81064],[-105,-1228]],[[50480,73766],[-240,-1422]],[[50240,72344],[-2257,136],[-1755,1444]],[[46228,73924],[1397,2051]],[[50293,75868],[-533,-271],[-901,512],[-9,666]],[[50188,76204],[-400,702],[-350,-619],[-192,635]],[[50232,77649],[4,-402]],[[49987,77483],[-741,-561]],[[49246,76922],[-396,-147]],[[48850,76775],[-1225,-800]],[[47625,75975],[189,2254]],[[47814,78229],[989,68]],[[50065,80190],[725,-457]],[[50711,78775],[-479,-1126]],[[50232,77649],[-245,-166]],[[49987,77483],[-417,1004]],[[50896,78917],[-185,-142]],[[50711,78775],[-866,-25],[945,983]],[[50790,79733],[363,-41],[-257,-775]],[[50065,80190],[-495,-1703]],[[49570,78487],[-767,-190]],[[48803,78297],[-42,1441],[-1804,1814],[-337,968],[1005,651],[-352,3582],[867,1093],[1235,492],[3706,-1513],[201,-1310],[-872,-842],[-1320,-558],[-1025,-3925]],[[70504,71005],[777,-4221],[450,167],[2905,-1793],[-445,-1231],[484,-433],[-100,-1009],[1814,-714],[-466,-1021],[-41,-31],[-642,-1056],[2413,-188],[116,-440],[-787,-693]],[[76982,58342],[-1057,735],[-130,-691],[-756,294],[66,513],[-1290,4],[-527,-1362],[-978,110],[-1414,1650],[50,1098],[-10,74],[-1116,786],[-1509,-808],[-28,-11],[-568,9],[-1839,1190]],[[65876,61933],[398,1810],[-643,1046]],[[67225,70644],[-438,413],[217,-1071],[-931,-441]],[[66191,71425],[141,-923],[-684,-105],[425,-852]],[[66073,69545],[370,-206],[-327,-248],[276,-1136],[241,518],[110,-402],[59,1310],[1162,-1347],[-1314,-1843],[210,-755],[-1229,-647]],[[65631,64789],[-894,481],[167,870],[-337,-748],[-724,447],[-496,1531],[594,993],[-603,116],[591,1091],[-287,1578],[656,-161],[291,794],[-708,1800],[276,1582],[-1567,-148],[99,-1193],[-545,-871],[-1011,851]],[[61133,73802],[-357,-53],[-89,2080]],[[60687,75829],[1401,604],[2161,3888],[890,497],[888,-1745],[-297,-1284],[710,-672],[-1509,-133],[698,-1004],[1922,-567],[348,-653]],[[76298,77753],[-1309,-1862],[1395,-565],[-648,-1697],[85,-1199],[-2105,-892],[-535,376],[205,900],[-962,418],[-531,-1244],[-580,57],[-809,-1040]],[[70504,71005],[-2467,160],[-812,-521]],[[67225,70644],[-96,841],[-938,-60]],[[66191,71425],[-283,614],[1741,-54],[-529,1457],[736,308],[43,1010]],[[67899,74760],[475,231],[36,1660],[1876,-891],[575,2975],[-296,494],[2976,-977],[1018,325],[1739,-824]],[[40564,54103],[95,-774]],[[40659,53329],[-1240,2393]],[[39419,55722],[420,-28]],[[39839,55694],[1269,985]],[[41108,56679],[348,-853],[-480,-1089]],[[38226,45873],[343,1112]],[[38569,46985],[335,-98]],[[39614,42998],[-1785,1595]],[[37829,44593],[273,784],[-579,119]],[[37523,45496],[204,435]],[[37727,45931],[499,-58]],[[38226,45873],[-54,-987],[626,73]],[[40134,45358],[-520,-2360]],[[39137,46866],[531,-529]],[[38903,46329],[1,558]],[[38904,46887],[233,-21]],[[39844,46050],[318,-445]],[[40162,45605],[31,-27]],[[40193,45578],[-59,-220]],[[40134,45358],[-740,-636],[-596,237]],[[38798,44959],[345,475],[-474,475],[234,420]],[[38903,46329],[659,-544],[106,552]],[[39668,46337],[176,-287]],[[41220,54614],[723,-1166]],[[41943,53448],[6,-39]],[[41949,53409],[-1026,70],[-359,624]],[[40564,54103],[412,634]],[[40976,54737],[244,-123]],[[58552,80819],[-1295,-997],[157,-1785],[547,-216]],[[57961,77821],[-687,-393],[41,-792],[-1300,-488],[122,-2240],[-2858,176],[-1198,-754],[-1601,436]],[[50480,73766],[-210,1380]],[[52558,77847],[41,448]],[[52599,78295],[949,117]],[[53548,78412],[432,62],[0,1911]],[[53980,80385],[1,1238]],[[53981,81623],[1031,-227],[1194,-483],[2247,785],[99,-879]],[[50875,75478],[-605,-332]],[[50270,75146],[23,722]],[[50293,75868],[-105,336]],[[50188,76204],[48,1043]],[[50236,77247],[2322,600]],[[52558,77847],[314,-85],[-245,-1800],[-975,-466]],[[50875,75478],[84,772],[693,-754]],[[51652,75496],[-4,-568],[-773,550]]]}